trade_timestamp,ticker,sector,price,volume,daily_return,market_cap_M,beta,pe_ratio,analyst_rating
2024-05-05 13:03:23,MSFT,Healthcare,146.446881284744,5434586.0,-0.018851088542471334,,1.2838647462551505,9.542803968415107,Sell
2024-12-11 18:35:40,TSLA,Healthcare,60.78665998757995,8664492.0,0.03329216164146683,488.28432575043604,1.2404367349657175,25.2812049740324,Buy
2023-03-16 06:59:00,META,Finance,469.805352085964,9648736.0,-0.004895856095354535,,0.9463891116762537,6.797386628891115,Sell
2023-09-29 13:30:20,TSLA,Technology,433.46540168113177,2912107.0,0.013025716619091382,1244.7327446070258,1.0662448600930607,46.60925988463081,Sell
2023-11-19 12:24:34,BAC,Healthcare,324.7182803038048,6065094.0,,,0.4564491016307938,47.92324504775656,
2024-04-17 23:12:23,AMZN,Energy,462.0851860454193,4813724.0,0.026844654198472498,2116.8032553690264,1.0400678551973894,40.91953288872815,Buy
2024-04-21 23:29:02,BAC,Consumer,110.61141121550628,8687493.0,0.022770569259165974,848.0347005093006,0.8401119774840945,17.323176396210656,Hold
2024-01-07 21:12:19,MSFT,Consumer,389.4221817220516,661470.0,0.0059644655170379215,238.60811891628123,1.1768888248146399,8.930291678230255,
2023-12-24 05:34:23,BAC,Energy,216.492965531239,5678880.0,0.028021405123771784,1356.3333373287207,0.7997527416045387,34.120345463310485,Hold
2023-01-31 17:00:14,AAPL,Technology,118.54701957090907,4444334.0,0.01739045152928457,518.9806987289794,0.8031011644938455,16.201431466583845,Sell
2023-07-20 08:38:24,AMZN,Finance,160.15842569756546,7537652.0,0.025018357689861603,1220.449486375109,0.9763831130779779,,Buy
2024-03-23 22:09:56,MSFT,Finance,124.72818458628791,9610200.0,0.006607432679539857,1015.9981679397396,1.195196548321835,13.702341192195016,Sell
2023-01-14 18:16:46,AMZN,Healthcare,476.97939815260287,7156221.0,0.02166018274733145,3819.2363236125016,1.0965808638409718,49.363394019904746,
2023-01-31 04:21:40,AMZN,Healthcare,148.48547395758447,2333914.0,-0.015349078340923049,381.68726230986294,1.5063099700666223,39.58326466695399,Hold
2023-08-14 23:24:10,AAPL,Consumer,171.65380468969738,7821566.0,0.0014333657287826833,1419.4883495958516,1.1212407539801321,29.622482192484533,Hold
2024-01-27 12:19:20,META,Technology,178.72128582817788,8891781.0,0.004455128233832002,1610.3735950311298,,,Sell
2024-09-19 22:27:56,GOOG,Technology,245.64188606407077,4277086.0,0.0012929104429841313,1231.5898289391714,0.9275075861813196,8.634729164330885,Hold
2023-06-01 01:19:58,BAC,Energy,58.894900404211256,,0.027782613473240392,450.9056117577375,0.8116713368897855,34.792232208420316,Buy
2024-01-15 07:08:51,AAPL,,,4012823.0,-0.0013548643837708327,1736.677209766244,,,Buy
2024-11-24 05:36:43,NVDA,Technology,419.55385396903046,5237254.0,-0.010298774496337714,2630.70654443709,1.2259669125091648,16.58244090625766,Hold
2024-01-17 01:23:39,GOOG,Healthcare,-4468.3253277139265,2324425.0,-0.007553822268301181,521.8671055078952,1.3864518724016426,34.2095719634213,Buy
2024-08-24 16:39:58,AMZN,Healthcare,166.0137843660595,2000019.0,,320.2374136644106,,17.592166327765426,Sell
2023-03-23 19:06:38,BAC,Healthcare,485.93854461271945,3173460.0,0.014773109522338509,1583.9354859547043,1.025591084547542,28.344676244733904,Sell
2023-03-20 06:20:02,AAPL,Consumer,489.7367284614608,8289820.0,0.06531293592424325,3774.6761126319384,1.0073576862285278,22.83619252830891,Buy
2024-04-09 05:18:19,MSFT,Consumer,408.1048543251365,9726227.0,0.01678186825303941,3431.153131446335,0.6615591455290677,40.80688799562522,Sell
2023-04-01 23:10:17,JPM,Energy,193.24687443305913,5754556.0,0.006791511105912937,,0.29548423814298197,8.664911655836804,Buy
2023-12-02 05:06:56,GS,Finance,474.5220580750338,1496170.0,0.01140920370347388,851.7855799028702,1.2884901491199168,43.51868600783562,Sell
2023-01-30 20:02:31,MSFT,Finance,484.43717906678097,,0.01915245903615836,1854.9691726892263,0.7664452243631124,47.903911189404354,Sell
2024-12-08 15:04:48,MSFT,Healthcare,243.06175461083572,7814772.0,2.2526969586175597e-05,1537.9869491120567,1.4913577473337538,18.76267581856552,Hold
2023-08-10 08:54:56,GOOG,Healthcare,450.61878282062844,7850762.0,-0.027841872909994014,3615.5900713668125,1.15805712761269,18.289740923452985,Buy
2023-04-22 22:31:38,TSLA,Healthcare,134.42418174426513,3011983.0,0.0019201374774238688,363.64294677792253,1.2500847722317863,48.5068945137005,
2023-01-19 17:58:18,JPM,Technology,249.77429887818934,4375273.0,0.019310695244070957,1279.1287489663157,1.6463929696648192,34.201032399312666,Hold
2024-01-12 11:35:33,AMZN,Finance,278.6868116502102,6891893.0,0.00751885960352918,1612.994208984738,0.8782088769013892,9.606301310768224,Buy
2024-06-18 14:13:07,MSFT,Finance,112.00709116751233,,0.028987517020072906,290.2096567262337,1.0455198261361185,6.359447670893171,Sell
2024-03-11 20:48:36,AAPL,Healthcare,286.7272370987094,1954338.0,-0.005480231482877081,660.0626898537067,0.82344707505362,31.156116028400838,Sell
2024-07-22 12:54:54,BAC,Energy,104.8860338943303,9754786.0,0.01340857585851829,,0.766802446534373,27.206787099344762,Hold
2023-01-14 01:00:25,JPM,Consumer,102.06687528924326,9992273.0,-0.0049032522944496395,1131.208187684607,1.3342459711544978,26.416059559588774,Hold
2024-12-13 16:35:12,NVDA,,443.5588129350073,1777824.0,-0.04702289814737954,800.4004625703392,1.0887931110705085,18.331463092068745,Buy
2023-07-26 16:31:35,GOOG,Technology,230.20306036037525,8169223.0,0.015466540845379167,2118.082839903932,1.4228757080965464,15.982825045693566,Sell
2024-08-19 15:16:19,AMZN,Technology,53.37816475999994,9221247.0,-0.029067414647525755,439.55671450778595,0.9243017213726433,37.53202994113646,Sell
2023-12-11 06:28:50,JPM,Energy,79.73564491372767,447656.0,0.00013812837413417801,39.75911570902261,0.8650280983575301,32.37353406371142,Hold
2023-05-23 21:55:06,JPM,Healthcare,202.69496558145244,7110759.0,0.012925878180661453,1502.5400552803171,,20.563273749235563,Sell
2023-01-14 23:58:38,MSFT,Healthcare,290.70416883914174,1117994.0,-0.05853168350304802,,0.7394502839729791,47.797018437780025,Hold
2024-01-09 05:27:16,MSFT,Technology,496.4189024876247,8367745.0,0.005959529015660989,4094.757858746164,0.5246444581606922,,Sell
2024-01-28 04:26:02,MSFT,Finance,209.00196278081052,2167472.0,-0.001288500485455197,507.140076384031,0.6051779381852453,47.71637663476229,Sell
2024-05-08 09:58:08,AMZN,,109.28967480143035,3886093.0,-0.005520711460114579,397.2891192726062,1.7864509885502362,20.660585660198176,Hold
2023-08-14 23:24:10,AAPL,Consumer,,7821566.0,0.0014333657287826833,1419.4883495958516,1.1212407539801321,29.622482192484533,Hold
2023-11-05 17:29:26,JPM,Healthcare,464.29963622310555,3672024.0,0.022973850692522318,1398.6777523354879,,38.03877806982104,Buy
2024-05-18 18:46:35,JPM,Energy,492.0650073970396,4949543.0,0.0028004410479263056,,0.14873218320567516,41.204570284307614,Buy
2024-01-08 18:46:27,MSFT,Consumer,346.4390344175154,5278595.0,-0.008109432322331047,1960.0020175458897,,29.671872882496938,Hold
2024-07-05 07:52:29,NVDA,Technology,158.10182426705143,131172.0,-0.021727572215083896,,1.2673670741144039,24.389820383488374,
2023-06-16 18:12:25,AMZN,Consumer,,7246179.0,0.009313307827441018,1519.3593001273691,0.3487831144195155,45.60664641184139,Sell
2023-11-20 23:02:06,MSFT,,114.75891323535123,3449943.0,-0.026773277380393014,,0.4311792935439469,49.95680078774989,Buy
2023-03-03 03:09:48,GOOG,Technology,180.08761173718628,5434669.0,0.015577703391443577,966.3476660220925,1.3636638408855506,20.57003902571065,Hold
2023-06-09 10:33:59,JPM,Energy,166.7479279345404,6751356.0,-0.024767925798308495,1049.1253036316714,1.5060639781953307,30.22937783281257,Hold
2024-03-01 09:28:14,META,,,8426502.0,-0.01818042671326601,3721.3588348093135,1.4256837955432036,32.17390524222547,Hold
2023-04-20 09:04:16,AAPL,Consumer,449.594972872511,4836208.0,0.007845096133087988,1818.0988163068025,0.6934152663209323,7.400058876834239,Buy
2023-09-27 12:18:19,GOOG,Finance,135.21357125278422,271305.0,-0.018619481178899784,31.536370438098427,1.4424025166011145,40.92944858600605,Sell
2023-01-11 10:10:22,MSFT,Energy,443.79842599513023,6326368.0,-0.02443060852754103,3210.7702355591287,,30.30482724879847,Sell
2024-01-28 17:39:08,AMZN,Finance,137.96892931190183,2556802.0,0.012695494572741429,363.3836303399713,0.929009005162565,49.5085070769016,Sell
2024-07-17 05:39:15,JPM,,151.66803106255213,7075256.0,0.0023984837533100184,1112.6565873430354,1.4013905163510656,37.65876056236612,Hold
2023-07-05 16:59:12,AMZN,Consumer,389.99279411304224,1651867.0,,558.085276667004,1.6750212157946556,,
2024-11-02 00:46:16,TSLA,Consumer,412.7859344501264,7518593.0,-0.019228149623525995,3584.526983635179,1.2063833907071377,49.831927832261,Hold
2023-08-29 14:59:00,JPM,Energy,350.7488333578192,4222051.0,-0.00145183921331269,1514.6042540175908,1.1595927602809382,29.306387854986315,
2024-09-30 18:24:30,JPM,Technology,272.1524343217906,1266654.0,0.05616313267851006,365.21286043155885,,19.56080467622001,Sell
2024-12-04 09:26:37,GOOG,Healthcare,163.59633074731425,6328057.0,-0.0026071094630063718,872.6249625082761,1.2904116132156567,,Buy
2024-12-29 09:43:51,MSFT,Energy,65.82919198298889,706639.0,-0.03850848294613837,37.422131315040666,1.4382089645983238,45.84631565922901,Sell
2024-10-12 00:55:05,META,Consumer,408.8798760563386,7717135.0,-0.013651290999388967,2967.6018511006987,0.9089882338547118,17.18334727987491,Buy
2023-02-19 00:41:29,AMZN,Consumer,430.60863101096413,1398436.0,-0.027035776150431373,633.8841686207119,0.9890266583265106,,
2023-08-23 14:56:23,META,Energy,134.55661056641452,8436494.0,0.005236846779831514,1233.3255683162422,0.44246593918614974,28.361335287251332,Hold
2024-05-06 09:18:44,BAC,Finance,206.55534909046654,4204104.0,0.007981038848339058,1031.5639851278156,1.5763250392017052,34.429423988800266,Hold
2024-06-28 10:26:24,TSLA,Energy,471.27961923808823,5326399.0,0.02419355998878013,2428.1664219064824,1.4551827077600195,43.70029241281718,Buy
2024-08-29 21:27:51,MSFT,Consumer,61.93959674273346,8767836.0,0.009376059188435329,647.511406691772,0.7902340428115828,38.90752535505245,Hold
2024-02-11 15:54:05,MSFT,Healthcare,93.24285483734657,1646732.0,0.01664188928990385,136.70354479750887,1.0345015344900024,,Buy
2023-06-08 10:12:45,BAC,Finance,354.49357212933694,2632695.0,,1023.1720401633432,0.6493740703267212,13.589831595750065,Hold
2023-04-06 13:32:27,META,Consumer,177.97871055803398,4579372.0,-0.009855010831472139,801.304748844654,0.6817284633317654,34.21440619618642,Buy
2023-06-21 00:51:32,NVDA,Healthcare,352.5189940505502,482578.0,0.008595935640939072,,,20.46695346486813,Sell
2024-01-15 20:37:22,JPM,Energy,471.17187474607664,3511944.0,-0.04197902834690117,1341.0040941330685,1.3118117683085802,40.02622118501975,Hold
2023-12-14 16:30:18,GS,Finance,104.29490184965888,1628788.0,-0.04530404638503004,168.60874816749362,0.9499822336560463,45.875555399371834,Buy
2024-07-25 23:09:30,BAC,Finance,334.4911250516881,2232824.0,0.04110572761712535,730.5055851620917,0.6703477114642094,19.057451549091677,Hold
2023-06-15 09:43:20,AMZN,Finance,439.76507284895905,8591195.0,-0.007788118378582328,4068.092497809646,1.4541098926612754,43.334053508594494,Buy
2024-10-18 06:42:40,GS,,360.5570463103069,8428147.0,0.0013474552333127797,2581.614123404921,0.25670293515498577,37.81720597371751,Sell
2024-12-17 20:15:45,GS,Technology,397.55884445355565,1087419.0,0.0008023871156690914,373.5857914390657,1.047649571746511,44.576008501544436,Hold
2023-08-27 20:02:00,AAPL,Technology,442.1340890335463,5359798.0,-0.022086994498332593,2415.6256086244216,1.377766347416109,34.6441545143049,Hold
2024-09-07 04:24:34,META,Consumer,478.5123721305575,7100117.0,0.020230905200928205,3892.316182009698,0.8938559566742982,32.68110154947897,Buy
2024-02-09 22:41:09,GOOG,Technology,103.27958743040094,5006490.0,-0.010403904902883947,,0.7956661763787938,12.866852373112184,Sell
2024-05-19 20:01:43,BAC,Energy,125.600381860042,,,1133.7384579895206,1.4417980100822272,43.22261982687975,Buy
2023-10-18 03:44:45,MSFT,Consumer,194.3303535290532,7986060.0,0.011486622321331207,1532.7727173439855,,11.026203964410131,Hold
2024-05-13 05:32:08,NVDA,Healthcare,257.5439986269082,3698605.0,0.025129262318216647,1090.8362395782922,1.345235007218142,26.14844273559651,Hold
2023-07-18 02:43:12,AAPL,Finance,,5844378.0,-0.01168501441001063,498.54505575868507,1.3557385015089398,16.199587766654552,Sell
2023-01-20 03:11:16,NVDA,Technology,421.9751680960685,4080273.0,0.01426734845061832,1385.7806625017154,0.9821068263248528,16.859734820464574,
2023-06-07 23:08:26,JPM,Technology,214.85096985044134,-272856630.0,-0.04919732627011676,2312.1836611435974,1.1741015828684254,28.018901148694138,Buy
2024-06-27 19:05:38,JPM,Energy,455.7388341048973,551801.0,0.0712392242524098,294.8782699575225,0.8821724981353555,41.995727325684804,Hold
2024-05-09 14:48:43,JPM,Finance,257.8180601523867,-78131880.0,0.0244142338964197,632.0562258863903,1.0075964746560433,30.43166507131492,Sell
2023-02-02 19:22:24,BAC,,204.86348512850662,8679427.0,0.004773038170162399,1617.763214726682,0.983863045386395,13.390488193755994,Sell
2023-01-05 09:47:21,JPM,Healthcare,156.36219592259505,7375436.0,-0.01775004340621279,1290.867330047377,0.8004249800152217,33.74400000957968,Hold
2024-03-16 01:50:07,JPM,Consumer,-5777.65354859033,8378824.0,0.0009859225719260297,2034.3729894092214,1.256291644081168,40.58031162400743,Buy
2023-10-27 21:29:00,GOOG,Energy,344.9829822543735,4568407.0,-0.025893398966130812,1446.133483432771,1.091784145783372,28.064881064349745,Buy
2024-04-23 08:58:33,GOOG,Finance,217.06368668972473,2798606.0,0.008538807670322602,592.1984604178165,0.9786788524035382,8.732130029067786,Sell
2023-05-01 21:53:29,AAPL,Energy,380.62630885126094,8046933.0,-0.011321494222388984,3543.7264977415985,0.5393625866368175,46.53245389280786,Sell
2024-01-08 18:42:42,TSLA,Consumer,289.34874110573065,2140295.0,0.00319907240827505,590.3937296175683,1.1514557295352144,30.83249776018196,
2024-10-04 00:07:43,TSLA,Energy,442.78653144838046,2003144.0,,898.5810314115738,0.8061076953804024,34.72075153897056,Hold
2024-02-14 04:26:18,BAC,Consumer,478.94248620733504,8309769.0,0.017113960299599502,4011.3484720150022,0.21052692943655937,6.750986934839672,Buy
2023-06-18 06:45:56,GOOG,Technology,119.28361215993189,9607334.0,-0.0012153486313291827,1311.4273619073133,1.1081941544440796,18.063916551845168,
2024-03-02 08:47:23,TSLA,Energy,112.83064438060433,2650364.0,-0.026491458646108537,253.4066622782125,1.6684484914252988,39.41658267601281,Sell
2024-01-06 03:49:02,GS,Healthcare,407.13592273806984,7218654.0,0.0175344547472927,,0.5081970410561609,37.861959302602095,Hold
2023-05-29 02:14:21,META,Healthcare,164.79811896232133,1687226.0,-0.03565464956173855,333.1676627261638,1.3124724820894966,48.21017020353356,Hold
2023-10-28 12:12:27,GOOG,Technology,352.78402760820205,2680967.0,0.02950633202360701,805.1358306230086,1.659244864729552,27.196019363507784,Sell
2024-02-01 17:08:52,META,Technology,422.055446865685,3983553.0,-0.022598838118050055,1932.28861366454,0.4126944960524611,26.60139497417976,Buy
2023-11-28 14:42:50,JPM,Technology,386.9693508501747,7699436.0,0.007296360382375129,3270.930600926718,0.6075602530127142,21.67827176775348,Sell
2023-03-03 21:15:12,BAC,Energy,401.79067140827533,5731454.0,,,,8.202597014655217,
2024-04-21 23:39:08,NVDA,,258.6540716066755,405839.0,-0.020660403466485972,101.39665072968964,0.8959085477747515,17.339108103202996,Sell
2023-01-24 21:54:24,JPM,Energy,478.84960974559164,,-0.03138352961165088,2463.5565778684613,0.5927529553925257,29.047029946862477,
2024-08-27 23:28:54,MSFT,Technology,445.4436289021428,9801787.0,-0.045562118815619876,4301.173499611515,0.48725950090853376,37.28837897040275,Sell
2024-09-15 18:39:36,BAC,Finance,160.36653786044434,,-0.00661066907141668,1497.9008215964832,0.8211709632528541,30.91197222816576,Sell
2024-10-10 06:26:26,AAPL,Finance,272.9779504828783,6030782.0,-0.02542887185345686,,1.6400189125278433,9.78749073555835,
2023-10-30 01:46:21,GS,Energy,,2969357.0,6.876868619682633e-05,898.7372254925086,0.46571179627817216,35.80371403636153,Buy
2023-11-22 13:22:35,GS,Consumer,438.8615731367262,9394099.0,0.00753551031824921,4805.462772591504,,32.529215950182476,
2024-06-25 10:24:54,AAPL,Finance,382.0089002478678,-125317500.0,0.0061352631740314995,1752.5434650055447,0.9753937281581451,32.9036407993968,Sell
2024-10-10 00:10:27,META,Energy,323.6581453615662,7505102.0,-0.02693319005128187,2046.0204455870523,0.77331478987594,24.351195634048455,Sell
2023-10-27 04:41:25,TSLA,Healthcare,,3756391.0,0.022053173978440824,1496.9927172741154,0.5321295995902324,-1575.2968470479896,Hold
2024-10-27 18:01:24,AMZN,Healthcare,218.50877140202198,8312994.0,-0.003507675571238352,1622.139180355255,0.8887614828048362,31.376162982826887,Buy
2024-12-29 00:53:03,TSLA,Finance,141.1350835658837,9948759.0,0.030757642587752945,,0.7374055572725104,42.625210306633456,Buy
2024-11-12 14:33:42,NVDA,Healthcare,496.3134724239327,4767976.0,-0.039652112215662914,2490.6812860954897,1.9887236304221878,16.257697376226332,Hold
2024-09-15 03:40:15,AMZN,Technology,255.40348753142226,8357796.0,-0.01780402170168801,1783.45362037714,1.147882370255652,,Sell
2024-05-25 17:18:16,NVDA,Consumer,418.6399456822911,1429201.0,-0.03579530878310464,598.5559391862687,1.4083531284009896,28.2136747093754,Sell
2023-07-07 14:59:26,BAC,Energy,233.90121981502077,7890224.0,0.008977370850589354,2166.624623236192,0.8747384244366877,13.286264771713212,Buy
2024-04-03 02:24:31,AAPL,Consumer,211.40275618756004,8338091.0,,1790.31212654175,0.35749727268184706,29.227707053898115,Buy
2023-09-19 12:43:01,GS,Energy,343.2512605707473,5521781.0,0.04057073616933335,1765.772544382817,1.046052547003124,18.276806322344218,Buy
2024-03-08 07:28:09,JPM,Energy,303.2025847586858,9186813.0,0.017937121052284847,2433.168829034008,1.3056457622007158,47.610153101019094,Sell
2023-01-20 23:22:11,META,Healthcare,330.2189352446937,3499221.0,-0.026957645430163598,1022.2747289943334,0.9600661678018199,,
2023-06-04 17:57:50,META,Energy,148.41690176823568,398050.0,-0.009665124576477488,51.247115130459285,0.14499976156776484,28.570206621644388,Hold
2023-10-19 03:43:51,AMZN,Technology,,,,,1.0407282452413193,26.348722020168978,Buy
2024-07-24 12:38:12,GOOG,Finance,68.1141829729657,334318.0,-0.04470988278603756,19.592791939055687,0.7312609040955176,43.542320040571624,Hold
2023-01-30 13:32:29,META,Consumer,228.75498566277085,4550369.0,0.009299887336423365,1235.7409095951923,1.7700051206943408,22.336117740070087,Sell
2023-04-15 01:15:35,BAC,Energy,73.65919564537492,6627005.0,0.03218028552856126,499.59636293390633,1.2157218211771497,33.81687544629493,Buy
2023-11-11 18:53:10,BAC,Finance,72.87505787681472,2244561.0,-0.050369032691882344,151.11113400313266,1.627282578825533,14.111840536004575,Buy
2023-06-21 00:51:32,NVDA,Healthcare,352.5189940505502,,0.008595935640939072,185.72864238053887,1.1520093196194452,,Sell
2024-10-23 02:25:00,NVDA,Finance,76.92095179278463,7465547.0,-0.024914549371741423,547.6003884014509,1.0428620291357293,43.9332554654544,Hold
2024-10-22 20:26:31,GOOG,Healthcare,195.77150102193627,558534.0,0.02031349518956902,130.82041617013033,,,
2024-07-13 04:54:19,AAPL,Technology,194.6955570084048,8118413.0,0.011850245586252674,1779.0913712860422,,26.016905755995555,Buy
2024-02-09 01:34:06,GS,Energy,489.2577758112685,4076450.0,-0.04703761326371596,2194.6831029921527,1.0178633123853866,36.41650885178855,Buy
2024-11-04 21:33:32,GOOG,Finance,425.6184489471211,9287389.0,-0.0011129970377868358,4634.746059663195,0.48829841112989336,19.309302707743065,Buy
2023-05-24 21:31:45,AAPL,Healthcare,279.0203682881094,7626157.0,0.014571455611939899,2136.1387053765206,0.3715609029717529,16.774471203482484,Hold
2024-07-06 02:30:02,TSLA,Healthcare,125.99286872572165,2538887.0,-0.05448685646557632,339.57426613703296,0.5853508403341598,42.614825789891405,Buy
2024-06-04 00:40:05,META,Energy,454.5147093442311,6812332.0,-0.0755944966578099,3207.5119728749305,0.9088937817674628,6.5067606048695215,Hold
2023-12-01 09:11:08,META,,303.9767061616303,2279563.0,-0.012488379548028502,659.7385153633779,0.7324362639986322,36.284667037700835,Hold
2024-10-02 08:06:44,META,Technology,410.62524522922536,981515.0,-0.03411978869025819,395.43685152835803,0.7107057256236642,14.166020708608094,Sell
2024-11-07 21:26:16,NVDA,Healthcare,206.45313567615648,2916968.0,-0.05366104946876419,668.3208451553678,1.3452369814443634,20.05083014923484,Hold
2024-04-16 16:26:53,META,Consumer,336.92404110307245,7551385.0,-0.0037517918225186226,2871.8202777175843,0.63181769750028,25.196287269749792,Sell
2024-07-29 03:18:22,AMZN,Energy,393.1655413831883,4088508.0,-0.008491911771204327,1475.899978263221,1.1651565580889602,11.190035637194509,Buy
2023-04-04 01:18:42,GOOG,Energy,337.5561421688741,1829403.0,0.017802857877410923,698.8298422862817,1.0556446959046368,33.722916076064465,Buy
2023-08-07 09:26:06,JPM,Consumer,,6357116.0,-0.0055390475266600455,1174.5696857864461,0.7410162286081923,8.286857364279152,Hold
2024-09-12 19:33:15,MSFT,Technology,489.08121097534723,833171.0,0.031067520163403653,458.8115843540788,,14.331779385772164,Sell
2024-02-20 20:05:36,TSLA,Technology,443.45041535066593,8200678.0,0.025489633528899328,3673.3719062968057,1.2335146181171792,12.030855789228909,Buy
2024-08-01 22:45:05,GS,Energy,407.50566372314796,4728096.0,0.0018173806313317698,1966.9968747271066,,38.946248092924236,Hold
2023-12-13 23:50:31,BAC,Energy,420.3984302631049,4735490.0,0.04891112191838526,2289.9995158508586,0.763208476908008,,Sell
2023-06-15 05:26:13,NVDA,Energy,391.05964342978723,5182878.0,0.00019157203261961403,2424.777389852941,1.459750736383127,27.369079781296914,Hold
2023-10-02 04:36:59,AMZN,Finance,490.3853647551975,2949763.0,0.0002995553776064016,1593.5394970032974,1.2816060297286618,24.03888738351474,Hold
2023-08-16 08:17:26,META,Consumer,369.61034060119397,7303749.0,-0.009241223209200046,3012.9504927924722,1.0842138683156988,21.196970395916235,Sell
2024-06-02 12:10:41,MSFT,Technology,165.85338169578353,6560764.0,-0.010952076443845611,1019.0848921048143,1.281659256655914,18.997872579706545,Hold
2024-05-01 08:04:09,GOOG,Healthcare,243.98436093707224,8010581.0,-0.001254810334434709,,1.0031976118195254,45.8336833967153,Sell
2023-09-08 16:28:10,AAPL,Healthcare,424.45403387689373,8985832.0,0.05635381539479778,4342.46361022208,0.7151783335268147,30.371265410797708,Sell
2023-10-04 20:44:22,BAC,Healthcare,165.84006305541715,9843434.0,-0.012038466119659585,1335.3090663390221,1.3128512956378962,34.83146799644395,Buy
2024-09-17 10:01:36,NVDA,Consumer,193.62042257363152,3755801.0,,649.4569274175999,,45.8106088124989,Buy
2024-11-02 20:44:54,JPM,Healthcare,240.26014964605707,2834452.0,-0.009761458336548953,769.0102379259866,0.636400922194513,24.793398526624003,Hold
2023-01-02 15:09:38,MSFT,,305.5704036928216,6811921.0,-0.022566997863283512,2187.0679626998403,0.8954942435834984,6.9351462833022985,Buy
2024-08-24 16:11:40,AAPL,Energy,260.7874885610469,7802545.0,0.05769110509748137,1869.915161154956,1.6570641173744938,35.07996068175981,Sell
2023-07-08 19:58:02,JPM,Energy,240.5729276058442,6122178.0,-0.01301123672007689,1470.8065553789036,0.7420558773450681,15.632040977524866,Buy
2023-07-23 16:15:06,MSFT,Energy,63.52456044253046,4863118.0,-0.02090274810569894,293.2813145307752,0.8587025232689567,24.061340673265384,Buy
2024-05-10 13:38:05,JPM,Technology,424.63817821580324,7778567.0,0.013216713111682678,2961.293105493744,1.2219186086901255,37.95436019819081,Hold
2024-10-02 04:37:27,GS,Technology,108.06352573191879,242898.0,-0.03392405144377829,27.74265682517101,0.644078404260636,48.28487456158658,Sell
2024-12-02 23:20:55,GOOG,Finance,310.53988613760913,2298815.0,-0.014404377104363097,834.7504385836954,1.3302683813214637,19.0996434992516,Sell
2024-10-16 14:25:13,META,Consumer,376.7810577727555,9017891.0,0.0049308210859048355,3855.301710082298,1.3555932721618593,30.808663776880174,
2023-01-03 05:37:50,MSFT,,460.7023258649912,,-0.015931854600231946,917.984171558825,1.0742053226338975,12.085142389933623,Buy
2023-12-01 23:57:01,META,Healthcare,132.26394669393943,4265013.0,-0.005759923552386051,492.65041814972346,1.254337335306373,9.686060942325135,Buy
2023-01-14 23:58:38,MSFT,Healthcare,290.70416883914174,1117994.0,,,0.7394502839729791,47.797018437780025,Hold
2023-03-28 05:39:08,META,Technology,129.33111425995855,1068101.0,0.024065993069696322,162.9288670562571,,44.65549470522691,Buy
2024-08-10 07:03:50,META,Healthcare,198.82223003574745,6139606.0,0.006860777912052444,1196.8697523776295,1.194275583676206,21.502587781308545,Hold
2024-03-07 02:12:55,GS,Technology,297.9089458206813,2733705.0,-0.01406798407575556,707.0225489376013,0.658922754146072,30.202586430630372,Buy
2024-10-23 13:00:34,BAC,Consumer,313.68261834322465,7424716.0,0.0071342752248833045,2484.9515879154724,0.789397321393554,35.86237014307207,Buy
2024-03-26 13:51:42,GS,Consumer,-9070.798344316285,6539846.0,-0.02324500987787684,2933.91368558175,0.38385824966063575,25.220927346490942,Hold
2023-04-23 14:20:53,AAPL,Finance,264.2412905053973,2188250.0,0.026560180634011804,525.5022442113884,0.9844283198060637,48.156187280559905,Buy
2024-08-12 00:52:52,META,Finance,122.14041124201613,,-0.023585399466475768,138.72500700484372,1.563962486910011,18.37982867479394,Buy
2023-01-14 07:24:30,AMZN,Technology,298.4832178516985,7741308.0,0.001776180012213856,2669.043209615345,1.1361761774006183,17.74876276340715,Sell
2023-07-12 18:00:54,BAC,Technology,143.1433218383779,5277951.0,0.02146909875868605,835.5299894621467,,19.199153565627768,
2024-11-15 02:49:25,MSFT,Consumer,250.2572246842965,705355.0,0.007167078740268602,145.28324699487393,1.7929041200582359,49.842736683555145,Buy
2023-12-26 12:24:50,META,Consumer,-4577.7252209949365,3155915.0,0.027711551681107456,616.9470891443191,0.9303301751115205,9.285512462976893,Sell
2023-04-19 18:05:29,BAC,,285.01290229206745,7522086.0,0.003149837018690625,1732.4883144390244,0.500948880342483,13.016036468378134,Hold
2024-08-15 11:10:29,GS,Finance,282.4067311860384,2209441.0,-0.019157045517117104,704.5607690700009,1.2754446803915551,14.895051923077773,Buy
2023-07-09 04:37:26,JPM,Finance,238.6854445675146,214015530.0,-0.01857949654287919,1659.8298924829564,1.507049424321562,46.75315558225163,Hold
2024-06-29 00:26:55,BAC,Energy,433.57204306861985,4468105.0,0.023780951114223674,1627.6906452760397,1.248148957572543,34.33169844759084,Buy
2024-11-30 17:47:39,TSLA,Energy,435.3030517084734,3458204.0,0.005938907063187588,1653.2991460055812,1.375009168699903,13.177830551536678,Sell
2024-12-09 04:47:30,JPM,Finance,489.15389316555337,5828232.0,-0.04515842527801201,2320.031272565277,1.2816761380492667,5.916581315796995,Hold
2024-08-16 22:17:10,MSFT,Technology,394.1002528528998,7678970.0,-0.05350915521845472,2571.627683382703,0.9829267615090094,30.549025257853604,Hold
2024-04-22 20:03:56,GS,Technology,189.79438328648726,2095196.0,-0.05843226229324953,430.1683261827074,0.850622813460194,26.567302203331224,Buy
2023-09-01 12:41:32,MSFT,Healthcare,449.76445387827823,1305471.0,-0.011801535482978177,657.0298716563947,0.8375465418116057,28.484921923278495,Hold
2023-04-01 14:08:18,BAC,Energy,471.501361339307,8015310.0,0.03774843077353078,4096.686283825745,1.2042831796854057,17.590810490209233,Hold
2023-02-12 22:11:40,GOOG,Energy,398.45115553237304,6809315.0,-0.005772340676773434,2705.406496722766,1.148930224024122,33.096301030275214,Buy
2023-10-30 18:29:38,JPM,Technology,86.3308760012326,2237655.0,-0.031172686013409362,197.01705374083753,,45.733674029605815,Sell
2024-10-13 00:28:00,AAPL,Consumer,148.63514741538455,9930673.0,0.019420913273001283,1617.2588849269166,1.8936372323190924,36.719306058745346,Buy
2024-01-14 01:22:39,BAC,Healthcare,91.27565557655302,4970141.0,0.012325468907804293,394.30189081336255,0.8134333975970262,7.628647079957842,Hold
2024-07-28 16:43:06,JPM,Finance,9511.24286642026,1761792.0,0.010158323341251094,852.2329182439429,,36.47406696450406,Hold
2024-04-03 00:51:19,AAPL,Healthcare,324.6023499949606,9394173.0,0.022655630021463216,2588.6589549891223,1.4861929665990774,34.389052983688224,
2023-12-13 19:07:06,META,Energy,126.65353714633348,6247457.0,0.002691781451567739,648.479323458031,1.1938574045246808,49.08297565059296,Sell
2023-01-06 08:44:21,META,Energy,477.5274925809967,9307033.0,0.02279835916298628,3845.6312797425876,0.9696914094160702,37.61312983030815,Sell
2023-10-18 03:04:45,GS,Technology,-3740.198738284296,6019878.0,0.008422896768402813,1227.4125901505306,1.0737466828702655,41.712500989697254,
2023-11-14 10:05:21,AMZN,Consumer,259.2563593951728,1179203.0,,285.942849442056,0.7476153611471477,44.750537181633554,Hold
2024-01-12 18:45:38,META,Healthcare,420.40607447754263,7411729.0,-0.0007449696440534471,3080.888734999707,1.191876212239012,11.410613252792139,
2024-12-15 12:43:39,AAPL,Energy,143.77070364575675,7325170.0,-0.010563892908114506,943.1060916715905,1.400733587819763,28.865525792488334,Hold
2024-07-22 03:51:41,AAPL,Finance,98.33133032985975,9391263.0,-0.018953833943870846,987.7844193393206,1.110937671888086,14.103887847894418,Sell
2024-11-28 03:49:43,AAPL,Consumer,467.04622617004696,8001983.0,-0.007304213245975134,3102.1640519631314,1.3640405979759085,12.271038096718486,Hold
2023-01-15 19:27:17,GOOG,Consumer,266.27343392403793,688085.0,-0.044071404910447066,213.50982141657735,,30.38323185163206,Sell
2023-07-05 16:59:12,AMZN,Consumer,389.99279411304224,1651867.0,-0.017596523177390855,,,34.338305571488846,Sell
2023-05-12 15:35:36,GOOG,Technology,169.16322979471084,7623672.0,-0.016845487430467775,1463.6869418542817,1.4036399214936022,11.450399994648567,Hold
2023-04-04 00:30:54,JPM,Technology,377.52948453592325,142627.0,0.010768125652222404,58.51159651807432,1.0157252264097185,24.689136054717707,Hold
2023-09-13 17:13:05,JPM,Energy,365.62599555954455,8741828.0,-0.014401225638903132,2609.733482286145,1.2365282915409939,15.178500041092795,Hold
2023-05-27 17:48:10,GS,,355.78715414403104,8498969.0,0.0058775993285722005,2531.677686408445,0.8491228500843715,47.61123027907912,Buy
2023-11-17 12:59:21,TSLA,Consumer,74.87168427555244,6227272.0,0.007416468267806542,415.0146985909371,1.5218054788462205,12.117553864342542,Hold
2024-09-10 20:34:42,TSLA,Technology,94.9239757295556,1674336.0,-0.025182178659595263,171.54949737476863,0.9131425547694744,8.436281156267416,Buy
2023-08-05 08:42:31,JPM,Finance,122.2647406632134,3083071.0,-0.002045130601333341,399.54190755055237,1.0498789110605387,25.18690136077106,Buy
2023-06-22 11:48:09,GS,Finance,304.2850597838175,8846945.0,-0.04251257472569539,,0.8867346684453976,35.106684355563445,Hold
2024-08-05 13:39:07,META,Healthcare,194.99705322032221,5614317.0,,909.4256251844618,1.299525554392991,17.307082230851996,Sell
2024-12-07 06:03:02,TSLA,Energy,262.7527877415492,684488.0,0.006889246765997347,159.3575412234857,0.6385862213694911,16.475785821654206,Sell
2023-01-06 19:05:01,TSLA,Consumer,,775428.0,0.01112455797311692,281.07360974294573,,46.34590968420541,Hold
2024-01-02 13:29:05,AAPL,Healthcare,299.4874484179701,1575530.0,0.01784485984169395,386.9898689031799,0.8918413776786567,9.151593842091767,Sell
2024-11-16 02:11:30,AAPL,Energy,226.17139078879853,7765545.0,0.01085594123605077,2099.4968087776556,1.2340990125435425,16.870371897909504,Sell
2024-02-20 07:37:23,META,Healthcare,318.8275380832283,3619868.0,0.01683553852568373,941.7319858394658,1.1026537524326119,27.989471717164804,Buy
2023-01-23 06:01:31,AMZN,Energy,266.91384181385774,5547372.0,0.03154321665543982,1612.9358915457713,0.8149914464228698,22.163460278130614,Buy
2024-07-21 23:46:04,AAPL,Technology,283.79731914936235,9533800.0,-0.03781268683250136,2465.6386783345147,1.1427025161233433,12.875223303042723,Sell
2024-12-29 02:53:41,AAPL,Energy,476.39101984969653,8340635.0,0.003536185766251237,,1.102596791377416,8.818629959972045,Sell
2024-09-29 02:35:04,META,Technology,266.67110314682634,9609810.0,-0.028405007916085825,2749.113478355612,,,Sell
2023-11-04 06:22:22,META,Consumer,414.03632112803706,8868481.0,0.01312704417660324,3175.244107722928,,,
2024-08-10 08:54:59,AAPL,Consumer,67.34389969554607,6014087.0,-0.025939581190092816,434.0344864102067,0.8619372531028408,22.047915063789894,Buy
2023-09-16 14:04:49,BAC,Healthcare,146.54253765206465,8160562.0,-0.01923634322743319,1306.3820923885844,0.86073208366533,40.84099917275942,Buy
2023-04-18 10:06:49,TSLA,Consumer,146.83022358292334,6180898.0,-0.01069940783310731,,1.4325801878514128,8.102252827964962,Buy
2024-11-30 23:45:35,MSFT,Finance,302.5503805505199,9306527.0,,2879.312287762797,0.43793425572921585,20.420968117002417,Sell
2023-05-17 07:47:37,TSLA,Healthcare,467.3771868312723,3585301.0,0.03352895871630077,1805.3897742324907,0.9070531042492915,45.73338455151389,Sell
2024-09-23 01:10:14,MSFT,Technology,267.32227526230275,3388414.0,-0.012663444825709452,856.952340340793,0.4349435909595113,16.484400481958673,
2023-10-08 05:42:42,GS,Technology,,4852530.0,-0.024059393644155436,1195.2957618087949,1.012002615412376,47.73213693053571,Hold
2023-02-24 16:37:41,AAPL,Finance,233.67050070395587,4824286.0,-0.005660338351879427,,0.30985829519691854,19.711375483650116,Buy
2023-03-31 02:57:49,META,Consumer,146.3415302015241,817549.0,0.01673510015255501,136.12357928087008,0.23327365129396938,9.770112163397428,Sell
2023-05-09 19:32:17,NVDA,Consumer,99.81143331332726,4308309.0,-0.02529718182246034,427.80225334475267,1.1689869696948907,48.43139526758296,Sell
2024-12-25 02:00:21,NVDA,Technology,70.30163556917535,7129167.0,-0.03855417540317295,596.31853992548,1.3170029646690427,27.514202648876168,Buy
2024-08-21 09:49:09,TSLA,Healthcare,200.35007013144002,1781019.0,0.00016763151207656085,333.1852228173585,0.5005029557169154,13.019308541620948,Hold
2023-05-18 00:46:58,GOOG,Finance,152.89052119795159,1619962.0,-0.05858471757393405,248.24398467658267,1.1790860120380273,37.56552514586123,Hold
2024-06-17 04:31:11,AMZN,Consumer,320.70130360520704,2828840.0,0.010492189515349592,776.3921897986544,,28.914267747743157,Sell
2024-04-27 03:07:23,MSFT,Finance,123.52626506725451,4024718.0,0.0012819424154665035,,0.8022640199269223,18.934341351223296,Buy
2024-05-29 09:01:46,JPM,Energy,1871.2913437447428,2310564.0,0.015482049283023325,207.6524088431037,0.12192650139111649,14.867228791539096,Sell
2024-09-23 06:10:55,NVDA,Technology,491.6241955638507,4578908.0,-0.0037146533251502453,2295.1826199010225,1.1538893258340936,36.46718640562721,Buy
2024-06-05 02:50:21,NVDA,Consumer,353.63144630717505,8493584.0,0.0147964692882823,3300.031587250869,,48.282485323656545,Hold
2024-10-13 12:16:28,MSFT,Healthcare,343.5159229096349,4846229.0,0.015546260982676967,1714.5801568366355,1.4653983257225895,6.769372236497169,Buy
2024-11-13 08:56:43,META,Consumer,385.24618660085986,9498005.0,-0.029697888767296083,3882.371920741327,1.2226466662710218,40.91757311287892,Buy
2023-06-04 11:16:38,MSFT,Energy,,1395814.0,0.010834421756352425,362.269667442768,0.95238859735995,40.97095587757125,Hold
2024-08-12 01:17:26,NVDA,Consumer,51.0389476640339,3207083.0,0.01287820168370022,149.09831070172373,0.9616465589736116,28.17228747077477,Sell
2024-05-31 07:43:32,TSLA,Consumer,93.64004991746569,3561794.0,0.006266671943115507,359.1210047249283,0.49236415405607503,7.331230203794306,Hold
2023-12-11 09:41:08,GOOG,Healthcare,112.39452330503879,7950749.0,-0.018510836366111283,935.6813874099603,0.6863430826118364,426.0827672880329,Sell
2023-07-24 18:15:23,META,Consumer,473.0085548633816,7897034.0,-0.048345846746474096,4002.8937808884107,0.8058415188343508,17.51730277515206,
2024-04-02 01:06:00,META,Energy,183.2147883095116,7351193.0,,1435.386244228162,1.4112214261596732,19.294484936234337,Sell
2023-03-09 16:57:49,GS,Consumer,77.92839794306985,3718414.0,0.027093584943012363,340.42912025049804,1.5038823411521625,41.88770470151298,Sell
2023-07-27 07:46:54,AMZN,Healthcare,489.01804062277984,2965354.0,,1559.5963123463418,1.3479044748659825,29.51825151602573,Buy
2023-03-15 01:19:34,GOOG,Technology,384.5569825500734,1063513.0,0.0022924580357153663,448.0921760106077,0.5921661967330227,11.087686783003546,Buy
2023-06-21 21:31:29,GS,Consumer,426.8640847044996,6392047.0,,2862.8572684086735,1.5613881539070018,17.054402093476735,
2023-04-22 15:37:24,TSLA,Energy,399.8114209974615,8041866.0,0.0008220786217871057,3333.903943808008,0.5159788601243863,38.20357316121836,Buy
2023-01-12 16:05:51,BAC,Technology,291.45560610969017,2558805.0,0.024315971074778002,773.6571173402224,1.499609078749398,13.301221288059766,Buy
2024-09-19 05:01:53,BAC,Finance,,6493811.0,0.00015991400109645055,1668.7581018129122,1.178584408498075,14.227276933543248,Buy
2023-06-24 20:40:17,GOOG,Technology,420.40729283728393,7436493.0,0.0129150741830995,3085.429850709182,0.8775191684113809,49.41014911421036,Buy
2023-12-08 21:16:38,GS,Consumer,230.569233883751,7473232.0,0.006377453395475903,1958.2106122143355,1.8247196610926433,8.232569138012389,Buy
2024-09-18 21:21:49,BAC,Healthcare,116.08868066963191,5311712.0,-0.018749658846690075,603.6250885350969,1.1715861564508796,46.80185077068616,Sell
2023-11-07 18:52:48,TSLA,Consumer,61.959994248781264,1273749.0,0.04405899854989123,70.94272652420737,1.1940490235478323,11.248312403787338,
2023-10-03 07:51:14,GOOG,Finance,499.3742817553621,4260661.0,,2122.779218977037,1.7106879388470482,23.618404624354564,Buy
2023-08-22 16:14:07,NVDA,Consumer,284.86331184616404,8482043.0,-0.0484437265591782,2276.35403923127,1.1368013829684085,9.194819570035719,Sell
2023-06-23 14:52:33,GOOG,Healthcare,92.42872406960315,8136348.0,0.012940268243919261,738.8708896297725,1.3914371454659857,33.20673062586363,Sell
2023-09-09 07:23:47,MSFT,Consumer,358.4424743424564,2754042.0,-0.00037755247605723353,1005.0155188213881,1.0527193708043279,19.614678288551637,Hold
2023-12-03 17:50:19,GOOG,Energy,453.25493709063363,2898623.0,-0.0071424527518432175,1351.4269733980336,0.7559604535771545,45.050660337196476,Buy
2024-08-27 19:15:59,GOOG,Technology,368.5297524806515,3560679.0,0.016211293410741977,1177.9077176186368,0.9848979862205878,27.96466626840804,Buy
2023-06-30 19:53:36,GOOG,Consumer,129.26223462788596,,0.020617217903292163,1236.9270381902634,0.6934738601537178,36.26592400619424,Sell
2023-05-01 20:06:42,GOOG,Healthcare,68.17965297897344,369103.0,-0.03384181210915429,26.349697230518853,,28.33612665581091,Hold
2024-07-12 18:01:39,TSLA,Consumer,468.80801984507923,3866208.0,0.05793576121390246,1512.2752753470872,0.3818800217884969,31.13921067963719,Sell
2023-04-02 16:57:02,META,Healthcare,331.46517061127133,,-0.026343426542916767,858.474731549419,1.4210577670462246,10.754707295854235,Buy
2024-10-21 23:09:35,GS,Energy,346.99807346051807,4466521.0,0.03655265874808891,1636.1790250521492,0.8839736904250993,18.930730371348886,Sell
2023-07-02 17:42:36,META,Consumer,177.58434496965316,780043.0,0.013745517694402947,148.40350369350898,1.7304837387627199,39.11094874176381,Buy
2024-01-23 10:51:07,NVDA,Finance,288.3855497821241,2806954.0,0.017608841855998283,915.5083522989104,0.8663517066478766,26.917047202062058,Sell
2024-01-14 19:39:40,AMZN,Technology,240.23031542242802,600306.0,0.0033648133239425043,136.16844277930588,0.1560197412480112,,Buy
2024-03-07 13:38:33,AAPL,Energy,239.7947282215526,8827320.0,0.021863138684226444,2158.1378202567003,0.7090529037363472,38.57815852768066,Buy
2024-06-13 16:58:54,AMZN,Finance,167.08309490434613,333732.0,-0.0033217770610859086,49.65843941808411,1.3489394719847074,27.95748319839952,Sell
2023-08-21 00:04:36,TSLA,Technology,293.93556572782364,6712634.0,-0.07519081413381885,1891.05316487146,1.8052985819178402,46.98410119921721,Buy
2024-08-07 03:30:10,MSFT,Energy,161.78288173954317,1834287.0,0.0019923381649390457,269.8293522708235,1.6509605357858743,44.524162890223614,Hold
2024-03-23 01:06:06,BAC,Technology,210.81633057592435,5422947.0,-0.04186214738740304,1245.6862129062897,0.7037936717995521,24.44406906107701,Buy
2023-05-04 21:05:24,GS,Healthcare,369.739747284205,2813930.0,,1236.8510423087982,1.1032984747988908,42.28915315671479,Buy
2023-12-13 01:27:53,BAC,Healthcare,448.1820767778623,4381904.0,-0.04632927903095263,2011.317931346105,0.720711416106971,32.36580123151113,Hold
2024-06-16 01:34:08,NVDA,Energy,194.68984616704927,5857666.0,,1019.4698017157809,1.3948989411933639,6.115004382271856,
2024-03-12 00:36:52,NVDA,Consumer,88.69205754992531,9698148.0,0.008364821063959478,,0.33539803210459596,41.580740646309245,Buy
2024-06-04 15:12:11,META,Healthcare,481.6995564360238,7078566.0,-0.01844014819370668,4057.0344677867956,,33.92283788559929,
2024-10-15 18:16:43,BAC,,,1168474.0,,485.3402249371645,0.3579776083984305,39.5535819035215,Sell
2024-09-06 20:05:03,AAPL,Healthcare,186.70847828447484,3547931.0,0.02075983692415431,639.7544620894112,0.5811633116934182,30.82928936686199,Hold
2023-02-08 03:58:50,AAPL,,194.4885318853347,5102241.0,-0.008450982293286918,1047.020492197576,1.3452602954816555,13.115917473551736,Buy
2024-01-26 08:14:12,MSFT,Energy,469.75082884564216,2542578.0,0.06859962768198467,1308.9577276694508,1.1135624004701894,32.550051966890706,Buy
2024-03-16 08:08:44,GS,Consumer,343.63364033869846,3772031.0,-0.014752062756391734,1253.1176642514538,1.0908651193549863,13.539566174484566,Sell
2024-08-13 23:49:39,GOOG,Energy,350.37046541604104,4132887.0,-0.010249259546616228,1343.5888419118214,0.5564788100247843,40.55133961237622,
2024-07-11 03:02:15,GS,Technology,264.00252795482066,9106986.0,-0.003409148762233259,2553.44143043672,0.9551344399557664,,Sell
2023-02-17 15:39:25,AMZN,Energy,341.1823091644963,256474.0,-0.02742306453526086,81.89420689941626,0.657129438489028,12.428537093951554,
2024-02-04 08:29:50,NVDA,Healthcare,212.34140893321413,1079742.0,,186.4396979625216,0.7771317891787601,27.408540145039954,Buy
2023-11-29 03:58:52,TSLA,Consumer,90.76057634094771,4529188.0,0.035219615797589074,345.425455035475,0.983281108849795,45.44676015516131,Buy
2024-02-12 07:35:21,MSFT,Technology,327.54028058478906,,0.03755888158683402,1419.6244819802635,1.1217742091255263,20.751945006784048,Sell
2024-11-10 11:02:05,META,Consumer,259.10583703579834,808144.0,,216.32013949217813,0.4732299705468215,11.450753159429233,
2023-10-09 20:53:27,META,Healthcare,128.90593015426487,4199114.0,0.017500937294758375,515.5918459465424,1.1020328175471035,29.61573026928501,Hold
2023-07-23 09:21:43,META,Technology,120.09095193856072,5362967.0,,553.6787278430047,1.2104808072495583,26.759749209383443,Sell
2024-06-19 12:44:00,GOOG,Technology,341.68267835021044,9850305.0,0.019736425385164093,,1.5227998213616063,35.55435474117217,Hold
2024-06-27 15:12:06,META,,103.50965661528222,7570274.0,-0.02384244692766208,706.8430809439891,1.0341485526410352,35.08224306459577,Buy
2023-01-20 18:19:12,MSFT,Technology,348.5539657530891,7025338.0,0.006431828955715599,2294.540983832076,0.9793728642095145,48.15958271312907,Sell
2023-04-06 08:54:17,AAPL,Consumer,293.2145114768398,1780169.0,0.056859656154942054,537.389437471669,1.5288543576313907,41.30755012357048,Hold
2023-01-30 18:21:40,META,Technology,451.61946035929685,6273684.0,0.046222863552069275,3289.470575342841,1.4713803401273324,9.056164191722,
2024-05-15 16:23:42,META,Technology,-8364.770818334766,8223515.0,0.03795697339290149,2903.975111234982,1.6004943455308842,11.889516911151969,Sell
2024-08-27 23:28:54,MSFT,Technology,445.4436289021428,9801787.0,-0.045562118815619876,4301.173499611515,0.48725950090853376,37.28837897040275,Sell
2023-06-21 23:56:28,JPM,Technology,,8686226.0,-0.03613905008077679,2323.528966206915,0.7147811673234745,,Buy
2023-03-19 05:20:12,AMZN,Healthcare,50.480359260236256,,0.002343814074762551,40.64233455310516,1.0429794810789266,13.001650882049425,Sell
2023-07-29 23:58:52,AMZN,Technology,299.47956052089364,7987822.0,0.0041840618914121405,2650.924212249287,0.2457708382226117,16.277399348137692,Hold
2024-02-01 16:55:06,AMZN,Consumer,,2562199.0,0.016540032828024284,645.1883299040627,1.1885001831383575,48.91525665265955,Hold
2024-06-14 15:51:58,BAC,Technology,478.8151108185046,1273494.0,0.026633700856443877,512.1935206923058,0.5935933882367113,28.616503442414167,
2024-03-08 07:28:09,JPM,Energy,303.2025847586858,9186813.0,0.017937121052284847,2433.168829034008,1.3056457622007158,47.610153101019094,
2023-03-03 05:38:11,AMZN,Technology,73.13861955061822,8841313.0,0.010800273434143918,745.349229767289,1.2508438400596662,,Buy
2023-01-15 04:17:14,GS,Energy,418.91398620711084,263373390.0,0.01323459847346023,3048.741443877209,0.975630778116826,24.845838075692082,Sell
2023-04-20 23:26:10,GOOG,Consumer,315.1990247573642,,,1358.9261954033786,1.3095564723639463,15.84397221184028,Hold
2023-08-14 02:53:26,MSFT,Finance,134.81343635553563,5295287.0,0.006857459009422443,633.006310459757,1.1973727952734783,42.616448641257904,Hold
2024-02-07 02:34:14,AAPL,,,1837076.0,-0.04340995740855737,423.3265142745079,0.5500282579591381,42.84250102844508,Hold
2023-10-17 18:38:46,NVDA,Consumer,340.1686374616807,6845161.0,-0.020780401800645356,2740.6595019786196,0.7321274287711188,22.561638302623795,Hold
2023-04-04 15:21:46,AAPL,Consumer,355.14232739592273,6321546.0,,2358.3420483417344,0.8233232823308023,14.503717401307611,Sell
2024-03-05 23:03:26,AAPL,Technology,273.94146606442047,3368992.0,-0.02155277845452628,964.8454903067216,1.4302891869976768,44.80745011926262,Hold
2023-01-12 20:35:09,MSFT,Healthcare,119.12082464199132,941743.0,-0.0066529762114988485,,1.3899007260346325,5.8732767722307875,Hold
2023-10-13 11:23:19,META,Finance,194.22102275510727,1369113.0,0.026672643658015496,272.0353503252881,0.971713763310215,20.70519014999528,Hold
2024-11-16 18:43:47,JPM,Technology,464.83360256974777,8618524.0,0.026602470996025626,3359.9874413075318,1.1941213132252564,47.132532176209956,Buy
2023-04-21 10:54:46,JPM,Consumer,497.09434855408136,2384388.0,0.03173439294125261,1017.6914162467541,0.6086236479834262,37.75431708601709,Sell
2023-02-21 13:48:01,BAC,Finance,106.5487337908412,1360034.0,-0.05169223469036008,141.7943389759176,0.3808668669040354,47.85286583976433,Sell
2023-10-23 11:11:31,JPM,Consumer,226.81732620660497,,0.036312826749025154,595.9770763408061,0.8505944011276612,39.06137739413688,
2024-06-05 07:25:58,JPM,Technology,136.94374510030875,5100877.0,0.009102230558001176,657.0154183124206,0.9353115987835012,37.22449867964362,Hold
2023-08-08 05:36:02,AAPL,Consumer,,3145888.0,0.037986553596304824,535.8649552547087,0.3657586501598977,7.773079926992541,Sell
2024-06-09 16:51:38,TSLA,Consumer,76.769011482503,9182216.0,-0.0013821446753483641,615.1106723489422,,37.1712600169213,Sell
2024-12-16 15:01:09,GS,Consumer,77.14886835839978,,-0.016294243575057828,82.13021852159089,1.624474613270593,30.539762894668627,Hold
2024-10-20 10:14:46,NVDA,Healthcare,356.1884625514649,4182511.0,-0.006491326601384141,1224.0209574276287,-0.08152707202933618,41.96998546875017,Buy
2024-12-29 17:26:39,AMZN,Healthcare,,2485178.0,-0.015038568019571163,293.93123641660105,1.1428514705085284,41.08108174951508,Buy
2023-04-11 19:35:42,MSFT,Consumer,351.0264465462108,6418413.0,0.016124834391971835,1827.9235622781362,1.0710364467694369,20.977703185776107,
2024-08-24 21:17:05,GS,Finance,476.293908078322,7486072.0,0.055646594160440634,,0.19102117758260828,19.54432802717523,Hold
2023-11-30 18:04:26,GS,Energy,291.4195656885128,2154049.0,,513.6510907854257,0.40911681461558735,18.186695349476835,Buy
2024-03-17 09:51:26,MSFT,Consumer,284.2058496952525,7529117.0,0.04545802266799556,1801.0859169101536,0.63844828416765,21.626197078156377,Sell
2024-05-11 09:55:36,AMZN,Finance,437.2564636824692,9793377.0,-0.02461322282282516,3672.698815886096,1.2149735416909349,29.225515969985597,Buy
2023-11-21 17:31:21,GS,Finance,196.94607920230095,5566410.0,0.016073423593880556,1159.3146946187162,1.2957304102699614,33.37909366776441,Sell
2023-08-07 07:07:08,GS,Healthcare,350.53212148159383,7157966.0,0.004683058262161764,,1.4952641205959398,40.65912951508304,Buy
2024-01-07 10:03:20,NVDA,Healthcare,95.17804054241418,2056903.0,-0.0071826357563756,160.46052743266208,1.9198656278459354,35.57528749831735,Buy
2023-05-12 15:03:23,GS,Energy,220.36675440187892,7972799.0,-0.020168602322100503,1448.6348934860036,0.8874520032377196,37.45715656657485,Buy
2024-08-02 21:14:46,GS,Consumer,,,,,,8.13249508093725,Hold
2023-01-05 03:09:05,JPM,Healthcare,52.46289897558237,-181390950.0,-0.00833522342059706,347.1993739376229,1.0862031877207026,15.86703228641631,Sell
2024-01-09 04:41:53,NVDA,Consumer,452.53017397345144,7887532.0,-0.02187811648698753,4130.311813473697,1.132207811435038,14.43922972760359,Buy
2023-05-14 12:27:49,AMZN,Finance,119.08648492457625,3778277.0,-0.030613549798697855,511.25909634245903,0.5277622640986037,47.881795578170646,Buy
2023-06-22 21:47:51,AAPL,Consumer,475.4839509598579,4791934.0,0.07131623120596808,2080.2906333603596,0.6331804214156957,29.576277203043357,
2024-11-29 00:24:12,META,Technology,143.47276400819266,792323.0,0.022513242699036137,97.44406447096728,1.2958524819946249,29.414483197138686,
2024-02-18 09:17:15,NVDA,Energy,70.32790264524188,9306334.0,0.0027604781831822222,767.5771151382962,1.0097794887679146,44.83232944852285,Sell
2023-02-05 18:16:31,NVDA,Energy,437.1268487985234,5460520.0,-0.01911316575562034,,1.6974487469166262,20.518961140638403,Hold
2024-09-05 09:11:52,META,Energy,100.33016107130473,2605044.0,0.04037707069021827,239.25859041626862,1.218666813046594,27.87548732129259,Sell
2024-10-02 12:31:20,TSLA,Technology,497.6667017733237,8578455.0,-0.011288520653929143,3528.6787836039503,0.9759631008979475,41.280416992534164,Buy
2023-05-08 09:32:10,AAPL,Consumer,139.0144312666386,6460975.0,-0.002250651537462246,1059.8397788722848,0.5353066564262614,47.29424401524156,Sell
2023-04-18 00:50:14,META,Finance,344.0929215621395,1935215.0,0.017511064163710927,751.037151655886,0.4188969812951411,22.38682713190988,Hold
2024-06-17 01:20:40,TSLA,Energy,404.358743584176,2159180.0,-0.012270545703241181,930.5600311230853,,19.58558965706387,Hold
2023-05-08 16:32:42,GS,Healthcare,66.1544987033115,2532427.0,-0.021562662661082293,141.28315709592775,0.9538660020770655,9.296753538164786,
2024-10-07 11:07:05,BAC,Technology,107.1208655559139,2704804.0,-0.02626118131376194,232.66000865855378,1.584719667018922,36.91733050140117,Hold
2024-12-14 05:30:41,TSLA,Healthcare,204.22113923973015,3713094.0,-0.013045163588139744,777.4971738672983,0.8195298571042342,40.810775216239065,Sell
2023-12-27 19:52:19,AMZN,Finance,241.2407235497456,3270188.0,0.0161197895637642,732.3656296028227,0.9906308163196739,22.678602737052504,Hold
2023-12-13 19:07:06,META,Energy,126.65353714633348,,0.002691781451567739,648.479323458031,1.1938574045246808,49.08297565059296,Sell
2023-02-25 13:06:12,BAC,Technology,305.3516510971955,1318777.0,-0.028561264305160934,426.65484450062536,,-2245.8377957437433,Hold
2023-06-03 22:08:27,NVDA,Consumer,335.4054952850277,,-0.02509860178671605,1238.3615791167333,1.0546409132050802,30.187528059996147,Sell
2023-06-19 21:16:31,JPM,Consumer,295.04678091860285,6184579.0,0.03333774921148426,1601.8504631207575,0.7332996599172577,5.701131501913625,Sell
2023-12-27 13:17:55,TSLA,Energy,291.748497662453,8833533.0,0.01023395149249761,2595.6004332138737,1.1062114596465888,36.80776282307127,Hold
2024-07-17 16:54:56,AMZN,Technology,60.45241205604132,8239733.0,,522.0043573035613,0.4825980562646497,6.048097700211198,Sell
2024-07-06 06:09:28,BAC,Technology,142.425633952583,1370103.0,-0.005991920778322325,,1.429303132715663,11.524213993871417,Sell
2024-10-02 21:02:57,BAC,Technology,317.422712435711,6618959.0,0.005325178491305646,1856.8096861684894,0.8883116323153265,36.664614538502505,Hold
2024-04-16 22:42:04,GOOG,Healthcare,440.2863682255316,675554.0,0.020734163891742638,256.3891177934437,0.7846803618733402,24.23431358818267,Buy
2024-01-19 04:38:06,GOOG,Energy,120.88550359286576,9899248.0,0.012166537881972587,1429.6089204454522,,8.198932862528657,Sell
2024-07-06 02:30:02,TSLA,Healthcare,125.99286872572165,2538887.0,-0.05448685646557632,339.57426613703296,0.5853508403341598,42.614825789891405,Buy
2023-08-18 17:19:52,MSFT,Energy,435.0389547660816,6102992.0,-0.023978622283275308,2589.447425932461,0.7567008211203532,41.00351311361875,Hold
2023-05-23 13:01:35,NVDA,Energy,204.06309498502435,5848442.0,-0.05290057606374953,1074.0230355412064,0.9964264528432117,49.46793910507176,
2023-08-27 23:13:09,AMZN,Healthcare,212.7195633076982,2980595.0,0.0013338897885918214,559.8840439184903,1.1965810359758362,24.578948788197945,Hold
2024-12-30 20:42:48,NVDA,Finance,290.22800597328217,2442087.0,0.04542957100644311,679.4342391256515,0.9536785960112936,5.8990965903415695,Hold
2024-11-18 08:27:04,BAC,,244.1835516593096,9613963.0,0.0324778712333684,2239.9723110337723,1.066206184806705,,Hold
2023-07-20 21:29:41,META,Technology,483.61096049996917,2430429.0,-0.02227683719855258,1143.8810236104612,0.9966880464281652,22.780191344287193,Hold
2023-07-29 23:58:52,AMZN,Technology,5989.591210417873,7987822.0,0.0041840618914121405,2650.924212249287,0.2457708382226117,16.277399348137692,Hold
2023-06-09 22:42:31,TSLA,Energy,331.69530051458634,3144577.0,-0.011330546137647769,974.7768925631049,1.0358035999055257,49.805141028142785,Sell
2023-07-30 12:32:06,BAC,Energy,250.73280181410175,1289095.0,0.018437207798025,300.15148075011325,1.374560166805859,26.329301286309093,Buy
2023-02-19 21:27:18,MSFT,Healthcare,80.38331608433676,1969480.0,,151.6061730174921,1.4234211264567262,23.836375649954014,Buy
2024-10-15 07:47:02,AAPL,Consumer,,6798266.0,-0.03300608593980436,555.0021996422934,1.390666147991252,41.19313396445093,Buy
2023-03-03 13:43:21,TSLA,Energy,458.1888471092788,903424.0,0.026612816885667245,,1.3082795128379052,,Sell
2024-07-25 14:23:05,TSLA,Finance,392.0067372848157,1196170.0,-0.04045838913955613,562.2505285822104,0.7663882667111969,23.767379752826656,Sell
2024-02-10 09:43:39,JPM,Consumer,204.0816545647829,2390251.0,-0.04994321269336795,492.12667457982377,0.6636203445318167,49.65112432909621,Buy
2024-06-06 12:53:29,GS,Technology,251.92827824056278,,0.013448073356734466,838.5704504560435,0.8204489518878461,22.8160705568316,Buy
2023-12-01 00:58:04,AAPL,Energy,252.4366849748568,1971630.0,0.01206136512424278,541.5533824907368,0.4714543713418923,22.09992775312512,Sell
2024-08-05 13:05:51,META,Consumer,328.8061653396404,7310912.0,0.010761373301347056,2550.785369659685,1.2215814023981295,11.272882240444495,Hold
2023-09-20 07:37:11,GOOG,,194.17874161878854,3127422.0,,606.5564121734325,1.3074415061985476,,Buy
2024-09-09 17:06:01,JPM,Energy,245.55338811396066,3152498.0,0.013099557348788177,802.3963233213846,1.2750768740471128,9.254990779852832,Sell
2023-02-13 00:11:48,BAC,Consumer,125.46478385500143,2720645.0,0.02370157108794964,356.9376193616368,1.7888783807775255,6.398788100361367,Buy
2024-06-28 17:10:10,BAC,Technology,273.38786709768874,5214057.0,0.013693211290956315,1265.8046700839063,,26.625195085951322,Buy
2024-04-14 22:36:40,JPM,Consumer,205.57886259318468,3435832.0,0.019287310198523366,704.20495411759,1.0224822612356608,8.948200238718595,Sell
2023-06-29 01:03:27,BAC,Finance,419.99609574221313,3020690.0,0.038550731296078264,,0.925296746078259,13.348588533435828,Sell
2023-09-02 00:28:12,META,Energy,68.04275444274916,603719.0,0.0033169861507250952,43.074445224963505,1.4207419442110079,32.76603095722523,
2024-02-14 22:48:49,BAC,Energy,95.49777467101323,9484743.0,0.00135180207183762,,1.090343934526621,10.344970539301029,Sell
2024-02-06 21:20:19,MSFT,Healthcare,309.5874313239168,1696294.0,0.0021054250725045776,,2.235404877944114,49.569898051639505,Hold
2024-10-01 02:26:03,META,Energy,171.78446852188722,9861414.0,0.020246422326383868,1641.5192610041863,0.4172058316874928,34.36826221135874,Sell
2023-06-03 13:09:41,AAPL,Finance,422.8461161774536,6053485.0,-0.026322381027468734,2705.906118348364,1.1038167062286153,29.147679208825352,Buy
2023-01-18 10:48:02,META,Consumer,460.6019583330388,4152385.0,-0.009867486843078352,2228.8491926950182,1.293163422975014,48.2906463718487,Sell
2024-01-09 18:58:28,META,Technology,345.2332455927785,9085288.0,0.010161278664288762,3399.4590802256075,1.2965127067940085,44.00789280862441,Sell
2024-12-01 04:40:04,MSFT,Technology,462.58178343313807,7843890.0,0.019681801278586382,3635.9201401587393,1.0474656678895984,7.132290521791937,Sell
2023-08-11 14:49:14,TSLA,Consumer,194.32199601233424,1966449.0,-0.0005877168609567179,458.27837752236945,0.8410066660282275,25.3747285300768,Buy
2023-03-28 17:51:30,TSLA,Energy,,7980998.0,0.029973739559422497,,1.2183175039399812,24.372603954930675,Hold
2024-08-27 12:42:40,AAPL,Energy,143.06608738131428,9564861.0,0.007846059957711406,1205.5149316166896,1.127199477765619,7.578083602502863,Hold
2023-03-22 00:48:40,AMZN,Healthcare,414.9333060079648,342063.0,-0.0043787291442782235,157.12061894842364,1.1299538875298338,40.511391794101684,Buy
2024-01-28 00:14:20,META,Finance,380.808242383835,8957410.0,0.028729245287303293,,0.987010270433018,14.141730882532864,Buy
2024-09-25 06:20:47,TSLA,Energy,142.61890685585342,968173.0,0.029537019202580447,122.75193964380861,0.4763619790448057,25.291613629219754,Sell
2023-06-26 06:53:18,TSLA,Consumer,487.31171839102007,9226785.0,-0.030952209067795083,4827.249825215048,,22.23490739762046,Hold
2024-07-20 08:33:20,AMZN,Healthcare,226.17807875799411,,0.02862351222394314,509.3566521623781,1.8255578142626674,23.70551869005054,Sell
2024-10-16 06:54:53,MSFT,Technology,238.39523929166074,9443603.0,0.025113767055983338,2254.1723365569837,1.0743338310075663,6.621120807631991,Sell
2023-08-06 22:27:36,AAPL,Consumer,261.0522855557025,6920124.0,0.021293392749912547,1852.0461193288597,0.47056467943944436,21.051175984493945,Buy
2023-02-19 08:42:09,AAPL,Technology,405.83208825319724,4356574.0,-0.0325089052005301,1818.4005618566466,0.8946090999283858,33.9226391606027,Hold
2024-09-25 18:04:21,GS,Finance,433.3699210076594,7497971.0,0.018194028289996812,3505.8031280304435,0.7273541789878264,14.458665638796074,Sell
2024-03-03 21:39:10,MSFT,Energy,246.34249686241841,5687294.0,0.004982444595741015,1572.4047456783576,,37.07988311444455,Buy
2023-12-28 19:51:27,NVDA,Consumer,78.40272681674196,,,,1.0186052680858966,11.865452210771583,Buy
2023-05-17 16:57:26,MSFT,Energy,459.6471095833636,,-0.07192899701742665,3575.8866224997882,1.5313915243166925,8.82386389065823,Hold
2024-10-26 03:34:58,TSLA,Technology,186.11612651206767,8908816.0,-0.010420249518466602,1784.416638784652,1.0016531530619464,,Buy
2024-02-25 08:36:17,NVDA,Technology,259.5908481607647,7899149.0,0.016075171335666914,2306.8785398177347,0.09631444896895536,16.690921053183786,Buy
2024-03-25 16:53:14,MSFT,Finance,255.3817360558304,8296164.0,-0.0486035805782249,2285.8806785339943,0.47398835778489856,6.405844054579242,Hold
2024-07-10 10:17:08,AMZN,Energy,248.0225487050986,4739920.0,-0.013539848357040127,1116.9574802979628,0.4964774161262654,,Sell
2024-11-18 08:26:13,JPM,Energy,328.8508366864377,,0.020913600762999928,1331.5308724482588,,35.85165045970597,Buy
2024-01-06 23:44:40,JPM,Technology,334.52726586359455,7039811.0,-0.026115265560905956,2279.4274217816765,1.080340118910372,36.93287794486605,Hold
2023-05-11 01:48:52,BAC,Healthcare,90.38895586303786,1418368.0,0.007923966880484133,147.7897382957623,1.5449832976000852,16.2494039312829,Sell
2023-07-24 13:07:11,GS,Finance,,,,,0.4475344274036904,36.068364895052845,Sell
2023-03-23 19:58:42,MSFT,Energy,84.8462383671972,991013.0,0.012463978405304221,89.69491088380903,0.24160592034157424,29.20236795491077,Hold
2024-11-16 23:53:55,GOOG,Healthcare,81.33828646612758,2719516.0,0.0036172507472031503,197.16387740122033,0.6894102367406545,17.734079338759077,Sell
2024-09-17 00:32:15,NVDA,Healthcare,140.8402632242935,6420828.0,0.04938452958822775,780.248844953382,0.9050961123610392,18.277704064128738,Sell
2024-09-15 03:40:15,AMZN,Technology,255.40348753142226,8357796.0,-0.01780402170168801,1783.45362037714,1.147882370255652,7.771777741138134,Sell
2024-04-17 06:18:19,JPM,Energy,491.3695154898654,5660481.0,-0.00666743219564843,3292.7139820750704,0.7567041082650853,40.77623332832697,Hold
2023-10-08 22:59:22,NVDA,Healthcare,374.85805078070433,7576917.0,0.013917570466211657,3203.286410148688,1.2183515350956582,,Buy
2023-08-24 03:40:16,META,Energy,112.24808155222215,3064255.0,-0.01501225179638565,,0.8408888344239167,47.102305391138366,Buy
2023-01-14 01:12:58,META,Healthcare,489.49883519746516,5762793.0,,3114.2351166153953,1.3107230795460587,,Buy
2023-02-07 22:12:28,TSLA,Healthcare,398.58074658150343,4159482.0,0.00029792312239920044,1919.9448082724548,0.8326926438544763,25.863158970500532,Hold
2023-12-06 13:44:44,AMZN,Healthcare,123.60959496954949,,-0.020991060684187664,829.0031709519085,1.4241308819118776,32.012297662598684,Hold
2023-12-22 03:48:28,JPM,Energy,124.39009551528102,3801998.0,0.0033859759621934033,514.2367852198813,1.0113306980331764,16.118041427632356,Hold
2023-07-07 14:59:26,BAC,Energy,233.90121981502077,7890224.0,0.008977370850589354,2166.624623236192,0.8747384244366877,13.286264771713212,Buy
2023-08-24 20:35:08,AAPL,Technology,112.0988828065574,152920.0,0.043414667074271274,20.10312179281421,2.068705351902674,35.715190704462486,
2024-11-17 09:33:36,AMZN,Technology,304.88929286434006,6400304.0,,1740.5940964415686,1.4454638826965196,14.33089998619051,Hold
2024-04-22 01:56:04,NVDA,Consumer,488.487705398981,3049621.0,-0.025939033221683134,1247.5163180576326,0.5576659271391529,35.90392813436559,Sell
2023-02-21 07:51:04,GOOG,,129.36037100363413,7780331.0,0.00526562696349482,838.3576079279114,1.2706458207106102,36.745219905556,Sell
2024-12-26 19:45:44,NVDA,Energy,231.41309185358685,7935369.0,-0.025588993235867937,2043.0959987848807,0.6618718140089725,38.80904650714143,Hold
2023-04-25 14:50:18,MSFT,Finance,468.3499794137998,7830299.0,,4209.620675506489,0.5885983036234921,13.864092139354437,Buy
2024-05-26 00:10:40,JPM,Consumer,319.86291052219565,7655239.0,-0.008269454236551541,,0.6263043743408161,48.8733216090697,Hold
2023-05-12 02:46:12,AMZN,Energy,229.8542608236366,7515088.0,,1953.1600643232246,1.3033412130576263,14.970132472366863,Buy
2023-08-18 03:17:39,AMZN,Healthcare,292.5237948188841,6934979.0,-0.032336857968355025,2095.1852681606856,1.1281798055384151,-1742.4593785885752,Hold
2024-06-25 06:08:52,BAC,Technology,225.52816557043815,8163291.0,-0.017359693934782525,1672.5132192885758,0.9544334427787664,32.94147828687835,Sell
2024-05-08 02:29:55,AAPL,,445.1663410949918,9354957.0,-0.045407789177861424,4310.806169867285,0.6139949100881958,12.269782690303717,Buy
2024-01-21 18:39:52,MSFT,Energy,169.04291501808999,4012095.0,-0.002701810113693855,652.2477296074661,0.9641076920353526,15.821309934285708,Hold
2024-07-05 17:33:24,META,Energy,276.88037197586624,2506998.0,-0.011336705228846895,792.3315622316834,1.4067908192951424,11.007312579133306,Sell
2024-01-25 13:01:16,MSFT,Energy,325.4994538672786,805914.0,0.025275158398979702,235.5283361488723,0.878719353315801,5.284609125788091,Sell
2024-08-19 08:55:48,NVDA,Healthcare,134.25752507690368,4537582.0,0.006489623179498604,,0.18210869479807168,35.79376188558928,Sell
2024-09-23 11:28:31,GOOG,Healthcare,290.5703380801739,7975742.0,-0.006624330467827501,1971.6100117794201,1.4257248744988729,37.040046207442316,Buy
2024-03-09 09:14:46,META,Finance,481.41838668737034,4135574.0,,,2.125778981306465,46.18969374604827,Hold
2023-04-23 14:20:53,AAPL,Finance,264.2412905053973,2188250.0,0.026560180634011804,525.5022442113884,0.9844283198060637,48.156187280559905,Buy
2024-12-13 15:02:20,JPM,Finance,493.05587371283934,,-0.01028461127410988,3096.3134845430927,-0.006438078309106476,14.74904910039512,Sell
2024-03-05 19:15:50,TSLA,Technology,495.6748058122171,2085568.0,-0.033478731283714695,1188.7663655941185,0.9749013264125299,26.353854013455088,Buy
2024-01-11 21:17:51,GOOG,,261.480173129303,1691733.0,0.004961201262493374,412.99889748572946,-0.09977415441542226,24.144018342518113,Buy
2024-10-16 12:33:11,NVDA,Healthcare,387.3283785152904,9988413.0,,4378.064876806284,1.0796952164996958,37.26587627432999,Buy
2024-08-30 14:14:03,META,Healthcare,445.58095084653206,7496050.0,0.030719602858846853,,,23.55398270857556,Buy
2024-08-03 23:21:23,TSLA,Healthcare,343.70903069116486,7405011.0,-0.006246890386871746,,0.6329164101998962,21.503439451848188,Buy
2024-08-07 11:14:23,BAC,Finance,303.2006062243699,6194115.0,,2220.5126917506714,0.7514152129688904,24.90753172554255,Sell
2024-07-18 12:12:40,GS,Technology,69.87879632487257,9846905.0,0.0036883545013408608,736.350970463116,1.2201014972134798,21.743528518221144,Buy
2023-01-09 22:00:53,NVDA,Consumer,324.52721729922825,8910000.0,-0.0069321681313110175,3070.80811738683,,46.75362014583448,Buy
2024-01-09 15:07:41,GS,Healthcare,260.9416836562786,2483455.0,,767.0414101909776,0.6951216275851004,,Sell
2023-10-06 09:13:57,NVDA,Technology,323.24514372233244,-214439580.0,0.003270000590251194,2601.722710615836,1.1704495787277707,13.145443280157757,Buy
2024-03-25 07:51:08,MSFT,Consumer,430.70340258855896,6465684.0,-0.025611818653154306,3243.954568893992,0.8101948265523844,13.503217289885903,Hold
2024-04-17 02:11:34,GS,Technology,107.62367474650412,6756566.0,0.05944612797930413,611.786336006219,,20.284810871193365,
2024-04-25 17:24:05,TSLA,Healthcare,,9589301.0,0.01330742279845092,2128.4841071017845,1.210038389589039,42.24833014370092,Hold
2024-09-26 03:44:27,GS,Healthcare,295.5540623364715,1779156.0,0.023709832431682613,562.4653749370875,1.0945297128112803,22.571824539583442,Hold
2024-05-11 14:31:56,AAPL,,257.7772387330292,,,928.1088182914094,0.3937232313946113,8.296069377539812,Hold
2023-10-08 13:03:09,NVDA,Finance,,6305567.0,-0.05990939158118306,1069.5308579517484,0.36002026636626194,43.66303154136037,Sell
2024-03-04 21:08:10,GOOG,Energy,346.97808550817547,5439402.0,0.017963098785000704,1681.026812633173,1.3983434897489444,12.528105278190322,Hold
2024-01-25 02:52:17,AAPL,Technology,161.0061697517663,1175705.0,0.0018092525181757635,153.33260873782936,1.387763916299282,41.80171672598758,Hold
2023-08-13 22:23:03,MSFT,Finance,52.078459479497425,1028697.0,-0.02027049055956732,49.02587579138195,0.6777127333548831,43.10751987550093,Sell
2024-08-21 14:31:19,BAC,Technology,173.818636520771,2048131.0,0.011886458398935446,289.21636953065956,1.3749507867678592,36.70062296150376,Hold
2023-12-09 10:24:32,TSLA,Finance,,5371064.0,0.043652293953190986,370.86031263342306,,17.445740614560624,Hold
2024-07-31 00:02:25,AAPL,Consumer,,9038637.0,0.004171674407396064,2193.922026767548,0.6227360302522442,28.80379566108311,Hold
2024-02-29 20:37:03,AMZN,Energy,313.5970963196251,8524871.0,-0.01473361210836261,2894.405058366792,0.8695025273504687,31.700305643512888,Buy
2023-07-31 01:05:22,JPM,Consumer,257.4947435697084,2436372.0,-0.004225806400685501,,1.5694237889060132,31.06189336387909,Sell
2024-06-18 14:13:07,MSFT,Finance,112.00709116751233,2233401.0,0.028987517020072906,290.2096567262337,1.0455198261361185,6.359447670893171,Sell
2024-01-21 10:12:25,MSFT,Energy,219.5303035436944,9456968.0,-0.015231572990253402,2433.7693079895953,1.3299751558456412,46.54505908713274,Hold
2024-07-12 12:44:12,BAC,Consumer,400.94142974254027,1955252.0,0.010075231192862914,775.0960088189638,1.5684303752279136,24.711205157182917,Hold
2024-03-06 14:55:15,META,Healthcare,,4993713.0,-0.03777548530870137,632.4713648973278,1.419211831046901,16.191067135453924,Hold
2024-02-20 00:56:27,META,Technology,241.14961616695516,9941369.0,,2196.9865318218835,1.0708479320020121,6.269878947979774,Hold
2023-01-15 18:56:00,BAC,Finance,426.9725861841685,646578.0,0.016271122910271357,303.4341115048327,,23.296916466588332,Buy
2023-12-26 14:17:23,JPM,Healthcare,,4409352.0,-0.015507502900549724,239.79720947763448,0.7705321236566325,48.849891754284656,Sell
2024-05-11 16:48:14,GOOG,Energy,101.89689714994458,1148878.0,0.006284661876206689,118.24214026092191,0.8021006277897151,7.464834832569624,Hold
2024-04-02 18:34:29,GOOG,Consumer,227.5166830724395,1731626.0,-0.06404720787629223,444.06131826579,1.0164824267126478,46.60786303174479,Sell
2023-06-14 07:20:26,JPM,Energy,303.8428116712503,4052033.0,0.0024124172998308173,1067.6497068181106,1.6577206840934764,13.354596302781665,Buy
2023-03-10 06:14:09,JPM,Healthcare,102.87697201367068,3778594.0,0.03014180224709548,376.30393304137186,0.8636413682219931,31.527784868156054,Hold
2024-10-30 03:39:23,BAC,Technology,340.83084345285164,6428578.0,0.011181597343386713,1755.2188466460805,1.644764190986996,9.100915044187218,Buy
2024-03-27 04:39:13,GS,Healthcare,247.02870455412673,3526031.0,0.013403017702219643,786.4190965797212,1.4317262625728482,10.732375477613752,Hold
2024-06-15 08:45:31,JPM,Healthcare,271.0658508761148,1489315.0,0.02906695636409347,472.6465784833811,0.8570779758932737,10.01846047871549,Sell
2024-06-19 14:59:06,BAC,Consumer,407.6377512879073,,0.011941391838357657,1901.63852175409,0.5705190349128796,6.308222637595865,Buy
2023-07-29 03:40:02,MSFT,Finance,226.6181304192247,803258.0,-0.04173065259775389,189.07577457930566,1.0259772350202971,10.580891688945297,Sell
2024-10-18 04:08:02,TSLA,Finance,483.9679377011655,8388238.0,-0.0038744971529946744,4341.399410794775,,37.90127196086269,Sell
2023-03-31 01:42:05,MSFT,Technology,265.07596133292395,869672.0,0.0701858973008065,,1.262727410688055,32.64923726771747,Sell
2024-07-18 06:54:28,META,Technology,298.80421432900766,7477518.0,-0.03267006371948914,1848.7793266003916,1.780377393074677,12.9407063661188,Hold
2024-08-24 14:06:05,MSFT,Consumer,470.9938747291948,3988019.0,0.020426823974772457,1848.3073646078951,0.8747830856295178,47.496614862099825,Buy
2023-10-24 11:39:57,GS,Consumer,149.35906454402033,2196366.0,0.07243596057849663,369.02642309642187,1.4389310028811468,,Hold
2023-12-16 14:39:01,AAPL,Consumer,305.8563716166809,6346028.0,-0.06806688764184358,1667.6428700841832,1.4325499175748586,25.679621806778762,Sell
2023-12-21 21:29:36,TSLA,Technology,91.74023484102264,9831572.0,0.015128834470244237,891.9009911071643,0.7806617848539926,28.542558233497076,Buy
2024-03-10 17:56:15,GS,Finance,476.89047442068846,8223008.0,0.014878642048620778,3390.949641838546,1.3903959799263366,26.0038816663523,Sell
2024-11-28 01:21:43,GS,Energy,275.3447670861252,5830343.0,,,0.6495762143557686,24.080769417063554,Sell
2023-12-11 08:33:37,GS,Technology,465.7024922419311,9107933.0,0.006782050568584114,4552.096648425314,1.4366334477509888,47.060745254033456,Sell
2024-12-26 23:46:54,GOOG,Technology,388.1708647571282,961066.0,0.0259138721124601,398.6351903571607,1.5707939068905876,21.846552513240685,Buy
2024-07-23 18:48:10,MSFT,Technology,229.32798056339558,1397025.0,-0.018085982932766514,382.77924449992304,0.6341694886690594,28.008767903571275,Buy
2024-12-12 10:16:13,GS,Finance,268.8262757017618,8826545.0,0.0031165320183190945,2127.2629134218323,1.0050314009407333,9.761653745810726,Buy
2024-05-14 15:15:32,TSLA,Energy,491.96493334303,9186897.0,-0.0034214798393199007,4395.464755959688,0.9706085353638398,,Buy
2023-11-20 22:33:12,META,Consumer,490.1919938440526,6330906.0,0.0033706714932593917,3591.369292786766,1.0970577085295448,47.10576377291191,Hold
2023-04-30 07:16:52,NVDA,Consumer,221.32956254771526,2459551.0,0.011557225478133988,492.05557336048867,1.2590455908878246,,Hold
2024-01-11 21:17:51,GOOG,Consumer,261.480173129303,1691733.0,0.004961201262493374,412.99889748572946,-0.09977415441542226,24.144018342518113,Buy
2024-01-31 13:11:28,META,Consumer,387.6196945767049,9241134.0,0.0174871053562974,3085.562858687496,1.1865315088681667,13.65413181240602,Buy
2023-03-25 09:53:16,GS,Healthcare,80.07158961565831,7673741.0,0.027237465146582974,530.9667292704286,1.0161345622218763,38.7986522217292,Hold
2023-11-21 10:52:31,META,Technology,465.74352477432785,7492533.0,,3353.324152113267,1.275060993803605,34.97447991054075,Hold
2024-04-08 19:39:25,AAPL,Consumer,232.18473399194022,5675954.0,0.02638788041207324,1452.883428899818,0.9877024670957881,12.133851310375626,Sell
2024-11-09 00:49:11,BAC,Energy,494.87175433380946,4449778.0,-0.005467647542143254,2468.7003967983674,0.5098432802123567,7.7373440375612645,Sell
2023-05-23 12:37:59,TSLA,Technology,268.786434030024,1436877.0,-0.006725559129906238,441.91478440469933,,31.37492227614649,Hold
2023-07-06 17:16:37,BAC,Consumer,444.51985876907867,5107046.0,-0.021943838435437856,1877.3275040586957,1.3019447569896172,7.781538248227192,Sell
2023-07-12 05:45:29,AMZN,,236.1055690894864,5340974.0,7.342941325552471e-06,1340.3950773025556,1.103715056613963,10.786482910634145,Hold
2023-12-30 07:49:54,AAPL,Consumer,203.62418032177743,1898687.0,-0.036434329252363416,452.08125875757327,1.2942933441120656,44.04190395079366,Sell
2023-04-09 08:10:51,GS,Finance,473.69248553214453,8044070.0,-0.006519114621168373,3870.5252110453707,0.686296596433928,14.57036180420138,Buy
2023-12-01 09:02:04,JPM,Technology,270.7735619803424,3951892.0,-0.010553176879311139,1170.2333143911717,1.327779029047159,,Hold
2024-06-08 03:27:45,JPM,Healthcare,430.9153412305806,2984161.0,-0.013086785635626739,1328.602143383545,1.6180928606786238,23.891475247510357,Sell
2023-01-22 18:39:30,GOOG,Energy,465.75518024544346,,-0.017459414521927702,4475.676005732378,1.1681291319104516,22.67264362605933,Buy
2024-09-05 05:47:55,JPM,Healthcare,136.6658704539094,2429038.0,0.006959709370935633,291.79625165399614,1.0956597138533843,26.15820229413573,Buy
2024-12-29 03:29:13,GS,Finance,437.28368062825854,9896171.0,-0.028022798909668474,4661.116582309697,1.0616319968595476,35.630769904943236,Sell
2023-04-25 01:55:12,META,Technology,289.13621521875973,6173813.0,,1870.861142362576,1.0682032744078598,44.43776378378956,Sell
2024-05-27 02:44:30,NVDA,,497.01582428503013,1917158.0,-0.01629834240436525,782.610781527226,0.6660595388913992,43.296664423643286,Hold
2024-06-26 00:24:44,JPM,Consumer,96.47756559817232,5868179.0,-0.018970143622324548,501.976702095038,,21.070201815347836,Sell
2024-10-20 22:18:33,TSLA,Energy,,3652068.0,0.005990875447787864,1051.6275372009536,1.3436184232710944,25.907116423686638,Hold
2023-05-06 11:09:04,BAC,Consumer,294.06398103599224,2065978.0,0.02122986829632932,687.2856945815495,0.7054907533846657,22.52003025162425,Hold
2024-07-02 20:31:18,GOOG,Finance,98.2905632746342,6921942.0,0.025991850496799727,782.443001303458,0.7497503574394415,10.286585865974496,Hold
2024-07-06 01:54:58,AMZN,Finance,486.898127845582,9869163.0,-0.012094319463530886,4832.279177362854,0.7975322933230664,15.697146891693977,Buy
2023-11-24 06:20:43,GS,Technology,428.96959498259235,1372105.0,-0.010387031221370434,637.7650892141527,1.7763467756727476,27.637061217245495,Sell
2024-07-19 22:05:11,GOOG,Energy,334.9171319651192,9140222.0,-0.0013741327648167938,3472.4767043314723,1.3115318868484125,11.86099290402738,Hold
2023-05-28 03:11:08,BAC,Finance,201.25848583821818,9141523.0,-0.0061591533966293905,1962.0108882317106,,29.524232281032383,Buy
2023-09-29 04:57:45,AAPL,Healthcare,274.38779609434187,4293732.0,0.005829539495329959,1109.685651314896,0.5964136089646987,8.630617028659927,Sell
2023-01-11 04:48:07,GS,Finance,,,,,1.0256547209512614,12.756525195391129,Buy
2023-01-27 09:13:06,BAC,Consumer,443.78788957433704,2456048.0,-0.02707392622767825,1251.598823999247,,28.34157777325775,Buy
2024-05-22 08:37:24,NVDA,Finance,73.76319563004967,,0.0007450971093738467,119.99584511927614,0.47928810503459596,37.28649136867951,Sell
2024-03-27 12:49:29,MSFT,Consumer,417.225207538774,8138683.0,0.0063825657485378,2759.426794354188,1.4262740698880192,33.24884431058962,Hold
2023-12-16 07:32:17,GOOG,Finance,247.09532131416768,7542629.0,-0.0064834476937930515,2199.593005651761,1.1947274188597135,26.384332033683165,Hold
2024-07-18 13:36:18,JPM,Healthcare,333.9794492923494,5587427.0,-0.02862961451330794,1555.928073598564,0.8660271850905571,5.6342590457835104,Buy
2024-11-17 04:29:42,AAPL,Finance,230.02765076063992,6102364.0,-0.01357787680756728,1514.1705573632312,0.6748103901439277,11.90847564190395,Hold
2024-06-12 05:22:59,MSFT,Energy,72.25661171570707,2621810.0,0.007821562950644324,170.47381867053733,1.1347826704240762,45.94717278128576,Buy
2023-09-29 00:50:02,AMZN,Consumer,313.13871626222146,5078461.0,0.0034500478524845724,1346.6009382813477,1.055289370189721,25.393637077207973,Sell
2023-01-19 05:05:02,TSLA,Healthcare,358.7733120268177,3845348.0,-0.018649415198283885,1391.1835001533398,0.7521428067943954,17.496406870844417,Sell
2023-10-22 03:54:26,META,Finance,348.3093713945429,5724856.0,,2028.5647573550693,0.7910350274275907,20.164397849006043,Hold
2023-07-25 01:28:23,BAC,,159.8922503446497,2313234.0,-0.02804836015950219,320.452750945781,1.133419604654482,5.906501217347102,Sell
2024-03-17 11:11:50,TSLA,Consumer,373.9021407596958,4663220.0,-0.03803007305472201,,1.0831002390456494,20.4717186015967,Sell
2023-01-16 04:11:06,GS,Consumer,433.1005922309917,7629405.0,0.003308850956361452,3469.198441155776,,32.48710477096864,Hold
2024-01-02 14:22:04,BAC,Finance,127.38215837166028,4391332.0,0.010676468234893599,514.3495013098075,0.8038151357225158,44.40857073618411,Hold
2024-02-07 04:53:47,NVDA,Healthcare,,1486548.0,0.0051080164845479,734.0045758144901,1.1020773407024065,19.752891748404874,Buy
2023-08-22 07:28:55,NVDA,Technology,118.79470495685119,3462318.0,0.0012746378381881405,395.20460386372787,0.9318361371060071,24.75658005026436,Hold
2023-06-25 04:25:38,GOOG,Healthcare,375.40121096542373,178808.0,0.016023982117497428,60.271707721756705,0.5684171251805464,19.169531522487638,Sell
2024-07-06 13:31:28,GS,Energy,387.87736313518684,3981394.0,-0.008613752750447918,1741.6227822709106,,42.45648613092504,Sell
2024-05-30 18:19:29,MSFT,Healthcare,383.72658472918187,2840782.0,-0.021517304592816915,1137.462859453125,1.160771313231525,-995.3727851940257,Hold
2023-09-11 00:01:16,AAPL,Consumer,398.7085565215976,2570080.0,,,,42.26875101669274,Hold
2023-04-05 17:20:45,MSFT,Consumer,252.33470979020626,8685005.0,0.01924571972538824,2553.948828604601,0.8736842055379977,27.984041903683167,Hold
2023-11-12 08:02:43,GOOG,,226.81317951368328,4691898.0,0.0035564164911853946,1018.7657191088953,1.6039482732481263,18.72101053782123,Hold
2023-05-17 07:56:35,MSFT,Energy,282.94768457947805,,0.005254423579798306,392.14692261486715,1.9324098686232283,12.695156745626765,Hold
2024-09-06 16:10:56,MSFT,Consumer,145.52471247833432,,-0.05290020015148448,237.29762264985095,0.5631270691652167,,Sell
2024-04-23 20:17:54,MSFT,Technology,50.233434874567486,2035408.0,0.04075547014054449,101.90241286717381,0.9174216966357842,46.15696599672928,Hold
2024-07-11 03:02:15,GS,Technology,264.00252795482066,9106986.0,-0.003409148762233259,2553.44143043672,0.9551344399557664,10.106821989577032,Sell
2024-10-22 08:54:22,MSFT,,266.79359811297724,4609007.0,-0.01933476030866691,1168.8936412953328,1.751351652797252,17.65918282432473,Hold
2023-11-04 08:11:26,JPM,Healthcare,130.77143255573935,3347820.0,-0.010075303831036685,452.7179001088928,0.9217510676769247,14.504944749708427,Sell
2023-07-31 15:39:38,GS,Finance,252.97092508336476,-88981920.0,-0.016356594056201722,774.2378202728011,0.7304593247277757,46.839571256078294,Sell
2024-07-09 00:22:55,GS,Healthcare,94.62063676946644,2353845.0,0.0042968453280288,193.7664376638463,0.5472054239692156,22.81852863906659,Buy
2023-06-27 05:29:16,BAC,Technology,,4093208.0,0.03370616517199775,1781.6239094059856,0.5899283222223297,23.00299503880442,Buy
2024-12-30 08:36:41,JPM,Energy,,4481367.0,-0.014512965516216541,1708.3846461580717,1.7508545901326569,39.686462682457666,Sell
2023-03-08 02:42:17,GS,Finance,410.2626293032326,4455950.0,0.0013343953178965645,1471.1231341920645,0.5150526827761097,40.507397582321595,Sell
2023-09-06 09:19:25,META,Healthcare,122.56432828336585,3641058.0,-0.04782038825120621,512.8441090284738,1.9560890842607217,30.71821106053743,Sell
2023-06-17 02:13:10,MSFT,Energy,316.83048401732725,2144567.0,0.022098422288833894,709.4713290340655,0.8750927221573388,13.552739897365901,Buy
2024-02-27 12:18:31,TSLA,Consumer,382.3298207089829,5092379.0,0.0076684041994160386,2013.6354757397498,1.8306845303436097,25.28319145182293,Sell
2023-12-03 20:56:05,TSLA,Consumer,312.9025370275482,2323674.0,0.0313220922930789,,1.8125600659114012,18.916237685127022,Buy
2024-03-28 08:44:50,NVDA,Technology,429.49529859289055,673658.0,-0.03086546005038765,320.3102056783686,1.218444732356979,33.33134374126681,Sell
2024-04-27 03:07:23,MSFT,Finance,123.52626506725451,4024718.0,0.0012819424154665035,479.3484736308432,0.8022640199269223,18.934341351223296,
2023-11-06 08:36:29,BAC,Energy,423.50863062156265,9716359.0,-0.004356873563861631,4698.2870269978275,0.3674756873956029,27.918514095116983,Hold
2024-05-17 06:50:29,GOOG,Technology,108.2132615562235,2329258.0,,248.39873230736572,0.7339753118553507,27.10865897149549,Hold
2024-12-25 08:07:48,NVDA,Technology,237.49969911794605,7315859.0,-0.01564694277801091,,1.2760365660701583,32.90506830263031,Buy
2023-09-19 01:07:14,MSFT,Healthcare,78.49781541615114,7766730.0,-0.011255553750969382,525.1898797888775,1.52401587714678,23.186954102597422,Buy
2024-12-28 08:16:47,GS,Finance,137.80590849155138,468788.0,-0.021250518744090077,71.75158599837775,1.349736971378555,29.141892030123056,Buy
2024-11-26 02:33:24,TSLA,Energy,437.36043812924123,6458298.0,0.0042482463541518465,2710.0887433367425,0.8628621388360653,16.46475908438915,Buy
2023-11-17 13:34:24,TSLA,Technology,111.74506600577557,1820169.0,-0.023858377712377987,176.21044618375197,1.2462341151445153,-2197.221675149726,Buy
2024-02-19 04:09:25,TSLA,Healthcare,,3889553.0,0.05402858506584168,1396.5867583919508,0.628670347684389,16.928477985873737,Buy
2024-03-06 04:19:14,GOOG,Finance,400.1681401448056,8382469.0,0.016477625461621313,3066.2155284196224,0.6378539149272671,48.25672325367709,Sell
2023-07-08 18:29:40,MSFT,Technology,270.4209152416082,3033366.0,-0.032752477953160525,657.5062128820648,0.9387076158967144,,
2024-09-21 14:37:15,MSFT,Technology,,2800762.0,-0.0032162938350113156,,0.9712005630240846,24.411182129217828,Buy
2023-07-27 20:00:46,TSLA,Energy,,6093778.0,-0.006358693088181246,1704.8002783760162,,23.88463667642755,Sell
2023-08-09 07:16:50,JPM,Technology,273.4657154808267,7724911.0,0.05127315281001286,2004.094414733028,0.3854910743823021,43.23457411007315,Sell
2023-09-17 09:59:05,TSLA,Energy,129.75597556217264,5029525.0,-0.014404818499767366,618.1774141239752,0.544669309215623,24.85469770751215,Buy
2024-02-28 03:42:01,META,Energy,103.5289898330951,2478472.0,-0.004661364613603462,302.179487625827,0.8315388069371379,18.4735172667436,Sell
2024-12-28 04:08:58,MSFT,Finance,282.09005432962306,1412166.0,0.030123611129703194,363.8762997784485,0.9108711296971155,17.610354895871204,Buy
2024-09-25 18:04:21,GS,Finance,433.3699210076594,7497971.0,0.018194028289996812,3505.8031280304435,0.7273541789878264,14.458665638796074,Sell
2024-10-04 00:19:53,NVDA,Healthcare,434.2929692662531,9946089.0,-0.009089802962983354,4900.404676300446,1.1149163044145456,23.687663618245615,Sell
2024-08-18 07:36:29,AMZN,Consumer,72.5480103636202,1845920.0,-0.03175741874413598,154.46972460965935,0.45669464205648425,39.12675244693443,Buy
2024-07-16 12:11:56,AMZN,Consumer,328.0050088275124,5269038.0,0.03327572637960339,1554.0245083406458,0.6178753964720765,,Sell
2023-09-21 16:47:44,AMZN,Healthcare,367.6086516332697,3469900.0,0.02456484052249481,1331.8380726838216,1.1523317011350693,19.473005219866067,Hold
2024-07-20 19:29:59,GOOG,Consumer,171.81354267279818,4088419.0,-0.03417285414004655,788.8317937693712,0.8518517561355572,27.396370826334767,Buy
2024-01-11 15:03:09,AAPL,Consumer,92.5878957122249,4592536.0,-0.02588930715357539,441.51727230858097,0.9012704817953657,14.976371676957044,Hold
2024-07-10 10:17:08,AMZN,Energy,248.0225487050986,4739920.0,-0.013539848357040127,1116.9574802979628,0.4964774161262654,8.977560593787386,Sell
2024-06-16 22:54:01,META,Energy,232.24732767311778,7374133.0,0.007932238280271172,1370.776340946727,1.0517638147583477,31.598492762922593,
2024-11-07 18:08:02,JPM,,163.9330727569707,4285805.0,0.039970406194977146,616.3148015474923,1.9439087737318448,38.837772872228435,Hold
2024-09-12 21:50:42,NVDA,Energy,348.1383174647899,6256434.0,0.004752028258625602,2256.5032897096858,0.6743320072055548,11.876596882349332,Hold
2024-04-26 09:51:59,JPM,Energy,215.55695309981792,2534168.0,,499.3475564503691,1.4833051301922002,41.46311035451095,Hold
2024-02-11 08:40:21,AAPL,Healthcare,182.64827730854424,8140017.0,-0.029417960459660178,1330.1756965961515,1.4677080436280685,23.70575341158931,Sell
2023-07-19 09:17:37,JPM,Consumer,498.50474518361904,5321830.0,0.002567457580917856,,1.0606163183061064,15.540155429497768,Sell
2024-03-06 08:54:02,NVDA,Energy,180.19406124605055,6742395.0,0.05102407753975385,1433.9517512135756,1.0207328395971387,24.251621421332374,Sell
2023-12-03 02:07:50,GS,Finance,220.23942006803688,4729759.0,-0.006207136453182971,966.868001882167,1.2378760845480736,26.79420149084669,Hold
